date,# of Productive Bays,# of Working Days,% Return on Operating Investment,% Return on Sales Before Income Tax,% of Labour Sales CP,% of Labour Sales Internal,% of Labour Sales Warranty,+ / -,0 - 3 Months,1 - 30 Days,12+ Months,31 - 60 Days,4 - 6 Months,61 - 90 Days,7 - 12 Months,APR.,AUG.,Absentee Wages,Accounts Payable - Mitsubishi,Accounts Payable - Trade Creditors,Active Customers,Advertising Institutional,Advertising PNVR Dealer Retail Sales,Advisors,Apprentices,Assets Line 50 minus Liabilities Line 27,Avg. Cost UV Mit. CPO Retailed,Avg. Technician Wage,BONUSES OWNERS,Bldgs. & Improv.,Body Shop Materials,Break Even New & Used Units,Buildings & Improvements,CP Effective Rate,CP Effective Rate as a % of Posted Rate,CP Labour Sales per RO,CP Labour Sales per Technician,CP Pts. : CP Labour Sls. Inc. Tires,CP RO Count,Cars,Cash Discount / Interest Earned,Cash in Bank,Charitable Donations,Chemical / Other Income CPO,Chemical / Other Income Non CPO,Chemical Sales - New,Clerical / Other,Co. Veh.,Common Stock,Company Vehicle Expense,Company Vehicles,Compensation - Clerical,Compensation - Finance,Compensation - Other Supervisor,Compensation - Owner,Compensation - Sales,Compensation - Supervisors,Contracts in Transit,Current Portion of Long Term Debt,Customer Deposits,Customer Labour Rate,Customer Mechanical Labour - MITSUBISHI,Customer Pay Hours Sold,DEC.,DEPARTMENTAL OPERATING PROFIT LINE 2 MINUS 64,DEPT'L OPERATING PROFIT LINE 2 MINUS 64,Data Processing,Dealer Advertising Allowance,Dealer Advertising Expense,Delivery Expense,Demo Expense,Depreciation - Other,Eclipse Cross,EclipseCross,Efficiency Guide 110 - 125%,Employee Benefits,Employee Bonuses Payable,Equip. M/S,Equip. P/A,Equipment - Repairs & Rental,F & I Sales Reps.,F&I Sales Reps,FEB.,Finance / Insurance / Service Contracts,Finance / Insurance Income Rec. - Current,Finance Income - New,Finance Income CPO,Finance Income Non CPO,Finance Income Other Makes,Fixed Oper. Advertising / Promotion,Fixed Operations Advertising / Promotion,Floor Plan Credits,Floor Plan Interest,Freight & Express,Furniture & Fixtures,Furnitures & Fixtures,"Gas, Oil & Grease","Gas, Oil, & Grease",Goods and Service Tax GST / Harmonized Sales Tax HST,Goodwill Policy,Gross Stock Turn,Heat - Light - Power - Water,Hours Available,Hours Clocked,Hours Sold,Hours Sold per Technician,Hours per CP RO,Insurance - Buildings & Improvements,Insurance Income - New,Insurance Income Other Makes,Interest Payable,Internal Hours Sold,Internal Labour Rate,Internal Mechanical Labour,Internal P&A RO,JAN.,JUL.,JUN.,Laundry & Uniforms,Lease & Rental Income,Leasehold,Legal & Auditing,Liquidity in Dollars,MAR.,MAY,Managers,"Membership, Dues, Publications",Mirage,Mirage 5-Door,Miscellaneous,Miscellaneous Income,NET ADDITIONS & DEDUCTS PAGE 3 NETOF LINE 78,NET CUSTOMER RECEIVABLESLINES 7 THRU 11,NET PROFIT / LOSS BEFORE INCOME TAXES LINES 67 LESS 68,NET PROFIT BEFOREOWNERS BONUS & INCOME TAX LINES 65 & 66,NET PROFIT OR LOSS,NET RECEIVABLES LINES 78 & 79,NOV.,NV Months Supply Guide 2.5 months,NV Units Sold Retail Per NV Sales Rep.,NV Vehicle Equity or Conversion,Net Working Capital Actual,Net Working Capital Ratio,New / Used Vehicle Inventory Expense,New Car - Mitsubishi,New SUV - Mitsubishi,New Vehicle Department,New Vehicles - Mitsubishi,New Vehicles - Other Makes,Non-Productive / Other,Notes Payable - Capital Loans,Notes and Accts. Rec. - Officers / Owners / Employees,OCT.,OVER 30 Day,Occupancy as a % of Company GP,Office Supplies & Stationery,Other,Other Expenses Payable,Other Ext. Warranty - New,Other F & I - New,Other Factory Rec. / Incentives - Mit.,Other Factory Rec. / Incentives - Mitsubishi,Other Non-Automotive Assets,Other Notes and Contracts Payable,Other P&A,Other Salaries & Wages,Other Supplies & Tools,Out.PHEV,Outlander,Outlander PHEV,Outside Services,Over 30 days,Over 90 Days,Overhead Absorption %,Owners,P&A Repair Order Mechanical,Parts & Accessories,Parts & Accessories - Mitsubishi,Parts & Accessories - Other,Parts & Accessories - Tires,Payroll Payable,Payroll Taxes,Petty Cash Fund / Cash On Hand,Postage,Prepaid Other,Productive / Non Productive Personnel,Productivity Guide 85% +,Profit or Loss Before Income Tax,Promotion,Provincial Sales Tax,Pts. Months Supply Guide 1.5 mos,Pts. Sls. per Customer RO Inc. Tires,RVR,Rent,Repairs & Maintenance - Real Estate,Retail Counter P&A,Retained Earnings,SEP.,SUB-TOTAL OCCUPANCY LINES 50 THRU 57,SUB-TOTAL PERSONNEL EXPENSES LINES 17 THRU 26,SUB-TOTAL PERSONNEL EXPENSES LINES 17THRU 26,SUB-TOTAL SELLING EXPENSES LINES 5 THRU 15,SUB-TOTAL SELLING EXPENSES LINES 5THRU 15,SUVs,Sales $'s per Retail Counter Invoice,Sales $'s per Wholesale Invoice,Sales Incentive - Fleet,Sales Incentives Retail / Fleet,Sales Reps,Sales Reps.,Serv. Parts & Body Shop - Customers,"Serv., Parts & Body Shop - Customers",Service Contracts CPO,Service Contracts Non CPO,Service Contracts Other Makes,Service Department,"Service, Parts & Body Shop - Customers",Shareholder's Loans,Sold,Sublet Repairs,TOTAL,TOTAL ACCOUNTS & NOTES PAYABLE LINES 1 THRU 11,TOTAL ADDITIONAL INCOMELINES 71THRU 77,"TOTAL ALL DEPTS. Pg 4, Ln 63 Pg 5, Ln 37","TOTAL ASSETS LINES 50, 61 & 67",TOTAL CASH AND CONTRACTSLINES 1 THRU 5,"TOTAL CURRENT ASSETSLINES 6, 20, 41 & 49",TOTAL CURRENT LIABILITIES LINES 12 THRU 26,TOTAL F & I NEW,TOTAL F & I USED,TOTAL F&I NEW LINES 23 THRU 29,"TOTAL F&I USEDLINES 49, 54, 59 & 60",TOTAL FIXED ASSETSLINES 53 THRU 60,"TOTAL FIXED OPERS. LINES 14, 28 & 36","TOTAL FIXED OVERHEAD LINES 27, 49, 58, 59 THRU 62","TOTAL FIXED OVERHEAD LINES 27, 49, 58,59 THRU 62",TOTAL GROSS PROFIT,TOTAL GROSS PROFIT - NEW VEHICLE DEPT.,TOTAL GROSS PROFIT - PARTS & ACCESS DEPT.,TOTAL GROSS PROFIT - USED VEHICLE DEPT.,"TOTAL INVENTORIESLINES 26, 30 THRU 40",TOTAL LIABILITIES & NET WORTH LINES 33 & 67,TOTAL LIABILITIES LINES 27 & 32,TOTAL LONG TERM DEBT LINES 28 THRU 31,TOTAL MIT. NEW LINES 18 THRU 20,TOTAL MITSUBISHI CARS RETAIL LINES 2 THRU 4,TOTAL MITSUBISHI FLEET,TOTAL MITSUBISHI LABOUR LINES 2 THRU 6,"TOTAL MITSUBISHI RETAIL LINES 5, 16 & 17",TOTAL MITSUBISHI SUV RETAIL LINES 6 THRU 15,TOTAL NET WORTHLINES 44 THRU 50 & LINE 65 MINUS 66,TOTAL NEW & USED VEHICLELINES 31 & 62,TOTAL NEW VEHICLE DEPT,TOTAL NEW VEHICLE DEPT LINES 21 & 30,TOTAL NEW VEHICLESLINES 21 THRU 25,TOTAL OPERATING EXPENSES LINE 63,TOTAL OPERATING EXPENSES LINES 16 & 63,TOTAL OTHER ASSETSLINES 62 THRU 66,TOTAL OTHER CURRENT ASSETSLINES 42 THRU 48,TOTAL P&A LINES 16 THRU 27,TOTAL RECEIVABLESLINE 12 & LINES 13 THRU 19,TOTAL SALES,TOTAL SALES - PARTS & ACCESS DEPT.,TOTAL SEMI FIXED EXPENSE LINES 28 THRU 48,TOTAL SEMI-FIXED EXPENSES LINES 28 THRU 48,TOTAL SERVICE DEPARTMENT LINES 7 THRU 13,TOTAL USED RETAIL LINES 33 THRU 38,TOTAL USED VEHICLE DEPT,TOTAL USED VEHICLE DEPT.LINES 43 & 61,TOTAL USED VEHICLES LINES 39 THRU 42,TOTAL USED VEHICLESLINES 27 THRU 29,TOTALLINES 71 THRU 77,Taxes - Real Estate,Taxes Payable - Other,Taxes Payable - Payroll,Taxes Payable - Sales,Technicians,Telephone,Test Drives,Tire Inventory Over 12 Mo's $,Tires,Total,Total Bays Available,Training,Travel & Entertainment,Trucks,UV Months Supply Guide 1.5 months,UV Stock Turn Guide >7,UV Units Sold Per NV & UV Sales Rep.,UV Units Sold Per UV Sales Rep.,Ups,Used Retail to Wholesale Ratio,Used Vehicle Department,Used Vehicles,Used Vehicles - Other Makes,Used Vehicles - Retail CPO,Used Vehicles - Retail Non CPO,Used Vehicles - Retail Other Makes,Used Vehicles - Retail Reconditioning CPO,Used Vehicles - Retail Reconditioning Non CPO,Used Vehicles - Retail Reconditioning Other Makes,Used Vehicles - Wholesale,Used to New Retail Ratio,Vehicle Accounts - Customers,Vehicle Lien Pay-Off,Volume Discount,WHOLESALE EXCHANGES - MMSCAN Dlr Trades,Warranty Hours Sold,Warranty Labour - MITSUBISHI,Warranty Labour Rate,Warranty P&A RO,Warranty Pts. : Warranty Labour Sales,Warranty Rec. / P.D.I. - Mitsubishi,Warranty Receivables - Mitsubishi,Wholesale P&A,Work in Process - Mechanical Labour,Writes
2022-01-01,3.0,26.0,4.26,-54.95,113.02,74.74,12.24,1390710.0,57685.0,221800.0,148571.0,355321.0,78568.0,452782.0,111768.0,0.0,0.0,3656.0,55010.0,30902.0,664.0,14188.0,83.5,2.0,4.0,1390710.0,0.0,20.0,5.0,18567.0,23.0,148.44,14859.0,223.22,182.96,246.72,9375.0,2.62,152.0,80.0,0.0,119199.0,0.0,0.0,0.0,2698.0,6.0,699.0,10.0,0.0,18621.0,19444.0,8154.0,17144.0,8772.0,16924.0,36016.0,8236.0,0.0,0.0,122.0,16836.0,84.0,0.0,-192271.0,-31991.0,7350.0,0.0,668.0,9564.0,0.0,84702.0,59906.0,12.0,116.92,-212.0,3550.0,223796.0,51140.0,0.0,1.0,1.0,0.0,0.0,0.0,0.0,0.0,0.0,0.0,0.0,0.0,13176.0,5416.0,62.0,75266.0,180116.0,0.0,11746.0,-51127.0,130.0,1.1,2312.0,260.0,152.0,152.0,152.0,2.02,4324.0,0.0,0.0,0.0,60.0,105.0,22106.0,13361.0,-40665.0,0.0,0.0,1002.0,5000.0,0.0,0.0,-2253546.0,0.0,0.0,6.0,0.0,3.0,22486.0,7560.0,24109.0,29109.0,44041.0,-83027.0,-83022.0,-83027.0,45425.0,0.0,11.27,2.66,209524.0,1390710.0,2.06,0.0,53785.0,1247641.0,17976.0,1111816.0,1445.0,0.0,900000.0,4250.0,0.0,0.0,739.36,256.0,85266.0,70336.0,0.0,0.0,-9065.0,-18130.0,57705.0,2682365.0,63.0,13756.0,1946.0,0.0,47861.0,0.0,19670.0,0.0,644263.0,31.38,2.0,3154.0,15866.0,381930.0,9215.0,71865.0,31242.0,10452.0,200.0,0.0,364128.0,200.0,116.92,-166054.0,2966.0,1287.0,44.85,323.56,15.0,16252.0,0.0,3361.0,-1875114.0,0.0,22888.0,29486.0,79542.0,10476.0,10476.0,0.0,565.56,106.0,0.0,0.0,3.0,5.0,33808.0,33808.0,0.0,0.0,0.0,27862.0,33808.0,-34689.0,0.0,28571.0,2030109.0,1425194.0,29109.0,262822.0,2946686.0,127635.0,2705500.0,1314790.0,1551.0,0.0,1146.0,0.0,179231.0,72432.0,98597.0,180101.0,51625.0,8988.0,7933.0,6842.0,2168312.0,2946686.0,4862466.0,3547676.0,131264.0,22486.0,0.0,29486.0,130241.0,107755.0,-1915780.0,190401.0,124969.0,133957.0,1302871.0,53855.0,245795.0,61955.0,364128.0,36524.0,45425.0,247118.0,28578.0,46167.0,15913.0,36056.0,55244.0,49591.0,56433.0,56440.0,372658.0,45425.0,0.0,-189465.0,23772.0,1.0,4.0,352.0,0.0,0.0,1455.0,18.0,3.0,0.0,0.0,0.0,8.72,1.38,3.0,12.0,19.0,12.0,13684.0,292093.0,254930.0,0.0,47339.0,9733.0,0.0,-1828.0,0.0,1196.0,3.0,30699.0,53101.0,0.0,97139.0,8.0,1719.0,99.0,3824.0,5.86,20898.0,10449.0,131.0,-3997.0,0.0
2022-02-01,3.0,20.0,1.43,41.56,4.43,-19.6,15.17,-362357.0,75536.0,109348.0,148571.0,221803.0,78668.0,352784.0,111768.0,0.0,0.0,3646.0,93340.0,21653.0,664.0,4548.0,-21.3,2.0,4.0,1028353.0,0.0,20.0,-9.0,18567.0,23.0,-24.450000000000003,14859.0,8.55,7.02,25.48,6918.75,-0.38,91.0,76.0,0.0,48605.0,0.0,0.0,0.0,15632.0,6.0,699.0,10.0,0.0,18621.0,19842.0,906.0,14468.0,8764.0,12080.0,35156.0,9726.0,0.0,0.0,122.0,19974.0,96.3,0.0,-49068.0,-22106.0,7082.0,0.0,1094.0,10586.0,0.0,0.0,36118.0,12.0,40.47,-1124.0,4000.0,223796.0,51140.0,0.0,1.0,1.0,-30561.0,0.0,0.0,0.0,0.0,0.0,0.0,0.0,0.0,7252.0,5592.0,0.0,75279.0,180129.0,0.0,11746.0,47212.0,878.0,0.48,8320.0,200.0,173.33,173.33,102.67,5.1899999999999995,4328.0,0.0,0.0,0.0,53.43,105.0,21304.0,13618.0,-40665.0,0.0,0.0,704.0,5000.0,0.0,0.0,-276.0,0.0,0.0,6.0,3640.0,3.0,0.0,6684.0,0.0,5000.0,48697.0,-30578.0,-30587.0,-30578.0,0.0,0.0,-7.33,10.84,-240672.0,-362357.0,-0.27,0.0,55058.0,971867.0,60944.0,1076637.0,944.0,0.0,900000.0,4250.0,0.0,0.0,-455.54,640.0,85266.0,5177.0,0.0,0.0,0.0,-2515.0,57705.0,2366159.0,279.0,12660.0,5458.0,0.0,210548.0,0.0,5562.0,0.0,644263.0,30.909999999999997,2.0,4471.0,26034.0,399666.0,9215.0,73409.0,25446.0,11464.0,200.0,0.0,364128.0,0.0,40.47,69271.0,4962.0,1287.0,-13.770000000000003,-18.34,127477.0,16252.0,0.0,10090.0,-1875114.0,0.0,28900.0,29509.0,75367.0,8691.0,8691.0,0.0,93.52,3554.5,0.0,0.0,2.0,4.0,0.0,0.0,0.0,0.0,0.0,30688.0,40803.0,-50249.0,0.0,27245.0,1671530.0,1376131.0,5000.0,682561.0,2564077.0,58531.0,2322878.0,1294525.0,8714.0,0.0,6914.0,0.0,179244.0,94898.0,53318.0,128812.0,79513.0,30472.0,13017.0,5336.0,1841410.0,2564077.0,4510435.0,3215910.0,453745.0,0.0,79623.0,33612.0,374122.0,374122.0,-1946358.0,587680.0,438889.0,469361.0,1027869.0,50467.0,149045.0,61955.0,364128.0,57103.0,58809.0,640872.0,44057.0,34945.0,13409.0,37986.0,118307.0,112966.0,118302.0,118307.0,301197.0,0.0,0.0,-189479.0,24750.0,1.0,4.0,2572.0,0.0,0.0,326.0,17.0,0.0,0.0,0.0,40.0,-4.71,1.62,2.17,3.5,16.0,-1.0,10672.0,250732.0,181865.0,0.0,41888.0,78300.0,0.0,-1636.0,-245.0,0.0,-2.0,7894.0,53101.0,0.0,0.0,23.6,4588.0,99.0,7137.0,-1.62,0.0,12627.0,8928.0,-4586.0,0.0
2022-03-01,3.0,27.0,0.15,8.969999999999999,0.97,1.0799999999999998,-2.05,298578.0,71405.0,251493.0,154382.0,217813.0,75548.0,343945.0,109444.0,0.0,0.0,2642.0,95673.0,37207.0,675.0,7726.0,-468.66,2.0,4.0,1326931.0,0.0,20.0,-5.0,18567.0,23.0,1.450000000000001,14859.0,3.7699999999999996,3.08,-19.58,11435.25,-0.41000000000000003,193.0,68.0,0.0,26435.0,0.0,3294.0,0.0,34039.0,8.0,699.0,10.0,0.0,18621.0,20442.0,0.0,20308.0,8772.0,19472.0,31540.0,182616.0,0.0,125142.0,122.0,28204.0,133.0,0.0,11565.0,-24185.0,7082.0,-11780.0,12992.0,10042.0,0.0,0.0,248602.0,6.0,-40.17,11850.0,11330.0,223796.0,51140.0,0.0,1.0,1.0,-30561.0,0.0,0.0,4108.0,0.0,0.0,0.0,0.0,0.0,21478.0,3892.0,16.0,75279.0,180129.0,0.0,16068.0,28022.0,2502.0,0.27,5616.0,432.0,235.0,235.0,167.11,-6.8,4324.0,0.0,0.0,0.0,71.0,115.0,25626.0,15310.0,-40665.0,0.0,0.0,688.0,5000.0,0.0,14992.0,915410.0,-1284.0,0.0,8.0,760.0,3.0,0.0,1628.0,0.0,5000.0,62016.0,-1305.0,-1310.0,-1305.0,87376.0,0.0,-1.66,30.5,397907.0,298578.0,0.45,0.0,37784.0,697496.0,124406.0,566004.0,0.0,0.0,900000.0,4250.0,0.0,0.0,-76.88,4622.0,85266.0,4877.0,0.0,3953.0,-3194.0,-6388.0,55699.0,2633751.0,1001.0,13298.0,7130.0,0.0,128479.0,0.0,10198.0,0.0,408826.0,4.55,2.0,4256.0,31894.0,395739.0,9215.0,76092.0,2311.0,11028.0,200.0,0.0,364128.0,0.0,-40.17,45800.33,2096.0,1287.0,-4.620000000000001,-74.06,155428.0,16252.0,4280.0,7557.0,-1875114.0,0.0,30472.0,32892.0,86988.0,2597.0,2597.0,0.0,-335.3,-2870.32,0.0,0.0,1.0,3.0,47149.0,47149.0,0.0,0.0,0.0,42114.0,47149.0,-19963.0,0.0,29774.0,1560362.0,1197938.0,5000.0,963518.0,2635159.0,209251.0,2395966.0,1069035.0,23607.0,2195.0,18473.0,1098.0,179244.0,121963.0,63414.0,158056.0,128079.0,62203.0,15947.0,7815.0,1735211.0,2635159.0,4582823.0,3513788.0,532759.0,0.0,0.0,47300.0,532489.0,532489.0,-1947664.0,841577.0,512623.0,574826.0,735280.0,61189.0,165475.0,59949.0,364128.0,68320.0,87376.0,889143.0,52312.0,52147.0,18971.0,53924.0,263445.0,258914.0,266729.0,263445.0,486722.0,87376.0,0.0,-190081.0,13350.0,1.0,4.0,3732.0,0.0,0.0,2270.0,18.0,0.0,0.0,0.0,24.0,-0.36,0.29,10.5,15.83,36.0,9.0,15630.0,689864.0,117252.0,0.0,58210.0,207429.0,0.0,-2194.0,0.0,0.0,0.38,44601.0,53518.0,0.0,18640.0,31.0,5881.0,104.0,14548.0,2.3899999999999997,57108.0,28554.0,10967.0,-7078.0,0.0
2022-04-01,3.0,26.0,-1.9,6.9399999999999995,37.19,-27.41,-9.78,-173201.0,64648.0,152225.0,147617.0,190867.0,68742.0,290247.0,102685.0,40927.0,0.0,4498.0,90495.0,32120.0,675.0,0.0,703.36,2.0,4.0,1153730.0,0.0,20.0,-3.0,18567.0,23.0,4.1899999999999995,14859.0,12.16,9.97,139.96,43063.13,-0.15000000000000002,358.5,68.0,0.0,28435.0,0.0,0.0,0.0,65718.0,8.0,699.0,10.0,0.0,18621.0,32628.0,0.0,27460.0,13156.0,32184.0,65608.0,204384.0,0.0,120142.0,122.0,75869.0,336.0,0.0,86413.0,-14637.0,7082.0,-1194.0,14264.0,11862.0,0.0,0.0,82230.0,7.0,21.32,966.0,0.0,223796.0,51140.0,0.0,1.0,1.0,-30561.0,0.0,1500.0,1001.0,0.0,3837.0,0.0,1.0,1.0,12278.0,3244.0,0.0,75279.0,180129.0,0.0,19365.0,59068.0,-864.0,1.41,6076.0,624.0,449.0,449.0,405.72,34.27,4324.0,2244.0,4148.0,0.0,74.0,115.0,45479.0,15741.0,-40665.0,0.0,0.0,700.0,5000.0,0.0,0.0,239397.0,-1283.0,0.0,8.0,412.0,2.0,78162.0,2.0,0.0,5000.0,80061.0,40892.0,40889.0,40892.0,118688.0,0.0,-1.06,-6.37,-131443.0,-173201.0,-0.06,0.0,20531.0,462852.0,195694.0,471919.0,0.0,0.0,900000.0,4349.0,0.0,0.0,-63.28,2222.0,85266.0,4877.0,1749.0,0.0,8425.0,16850.0,55699.0,2373806.0,212.0,21974.0,1974.0,0.0,396368.0,0.0,0.0,0.0,299455.0,28.83,2.0,10819.0,46871.0,368814.0,9215.0,75750.0,29584.0,19236.0,200.0,0.0,364128.0,0.0,21.32,109017.17,3144.0,1407.0,-11.440000000000001,99.67,179819.0,60000.0,920.0,9282.0,-1875114.0,0.0,71320.0,52527.0,132999.0,19682.0,19682.0,0.0,165.1,106.0,0.0,0.0,2.0,4.0,60093.0,60093.0,0.0,0.0,7971.0,88688.0,60093.0,25987.0,0.0,31807.0,1284921.0,1051366.0,5000.0,1320548.0,2371825.0,233019.0,2132533.0,978803.0,33859.0,8935.0,36826.0,7015.0,179244.0,214449.0,82749.0,200637.0,241607.0,97847.0,23436.0,31636.0,1416698.0,2371825.0,4278596.0,3299793.0,736564.0,78162.0,0.0,96878.0,736564.0,658402.0,-1906771.0,1106134.0,709382.0,807229.0,483383.0,82417.0,240333.0,60048.0,364128.0,107318.0,118688.0,1186133.0,83821.0,19330.0,7210.0,107530.0,282935.0,267234.0,298870.0,282935.0,449339.0,118688.0,0.0,-189593.0,22093.0,1.0,4.0,3148.0,0.0,0.0,3879.0,19.0,0.0,0.0,0.0,28.0,-0.82,0.94,3.08,24.92,63.0,15.0,63272.0,618975.0,109768.0,0.0,74663.0,212923.0,0.0,-1794.0,-2857.0,0.0,0.12,58404.0,57286.0,0.0,0.0,39.0,7270.0,109.0,23405.0,2.11,60404.0,30202.0,12240.0,-10346.0,0.0
2022-05-01,3.0,26.0,-0.77,0.040000000000000036,-21.08,19.47,1.61,252293.0,63136.0,137523.0,146128.0,171350.0,67245.0,257938.0,101292.0,40927.0,0.0,3784.0,71298.0,67205.0,724.0,1218.0,110.6,2.0,2.0,1406023.0,0.0,25.0,-2.0,18567.0,23.0,-4.66,14859.0,-4.87,-3.99,-74.09,1798.87,0.04,121.5,68.0,0.0,198368.0,0.0,0.0,1199.0,38362.0,6.0,699.0,10.0,0.0,18621.0,22620.0,0.0,9732.0,8772.0,44294.0,48580.0,362329.0,0.0,32500.0,122.0,53861.0,243.95,0.0,37706.0,-7616.0,6000.0,0.0,3152.0,5680.0,0.0,0.0,88320.0,5.0,-13.040000000000001,6186.0,0.0,224024.0,51140.0,440.0,1.0,1.0,-30561.0,0.0,20394.0,0.0,0.0,20146.0,3537.0,0.0,0.0,5662.0,3780.0,0.0,75279.0,180129.0,0.0,23782.0,24555.0,1182.0,-0.09000000000000001,5040.0,624.0,378.45,378.45,106.06,-31.05,4324.0,0.0,5543.0,0.0,98.3,115.0,39765.0,18009.0,-40665.0,0.0,0.0,268.0,5000.0,0.0,5000.0,352385.0,-1283.0,20412.0,6.0,3684.0,0.0,28722.0,4592.0,346.0,5346.0,74767.0,20393.0,20391.0,20393.0,136837.0,0.0,-0.29,-7.63,14271.0,252293.0,0.26,0.0,0.0,346778.0,120262.0,466289.0,0.0,0.0,883333.0,10477.0,0.0,0.0,5.079999999999999,-44.0,85266.0,14577.0,3358.0,15442.0,15000.0,30000.0,57705.0,2461046.0,574.0,12922.0,2928.0,0.0,45618.0,103503.0,4918.0,0.0,276194.0,-0.8300000000000001,2.0,7756.0,41196.0,362840.0,9215.0,77926.0,35969.0,15294.0,200.0,0.0,364128.0,-50.0,-13.040000000000001,-26266.9,5646.0,1559.0,0.44999999999999996,-57.62,79277.0,60000.0,-772.0,7046.0,-1875114.0,0.0,68592.0,40769.0,87121.0,25605.0,25605.0,0.0,-190.1,-363.0,0.0,0.0,2.0,6.0,61200.0,61200.0,0.0,0.0,21803.0,70684.0,61200.0,195562.0,0.0,24629.0,1209651.0,1072451.0,5346.0,866517.0,2631638.0,560897.0,2384098.0,978075.0,30858.0,27840.0,26285.0,24371.0,179358.0,185813.0,75108.0,160812.0,193952.0,60131.0,20598.0,42539.0,1322236.0,2631638.0,4518016.0,3539941.0,345425.0,28722.0,0.0,79188.0,345425.0,316703.0,-1886378.0,680723.0,342429.0,402560.0,346778.0,63556.0,223574.0,68182.0,364128.0,99464.0,136837.0,758985.0,78795.0,28311.0,10687.0,86714.0,225944.0,235605.0,278144.0,225944.0,496160.0,136837.0,0.0,-189683.0,18646.0,1.0,4.0,3412.0,0.0,0.0,5295.0,17.0,0.0,0.0,160.0,26.0,0.18,-0.25,-4.05,-26.85,58.0,11.0,85078.0,745101.0,109768.0,0.0,35896.0,200483.0,0.0,-1541.0,-8894.0,0.0,1.26,20307.0,76450.0,0.0,0.0,36.2,6667.0,109.0,30549.0,5.5,94140.0,47070.0,9130.0,-11591.0,0.0
2022-06-01,3.0,26.0,-0.98,0.41,6.08,-16.18,10.09,48311.0,61766.0,219785.64,144884.0,264190.49,65880.0,23667.21,99953.0,40927.0,0.0,3416.0,51413.0,60309.0,730.0,3532.0,-277.22,2.0,4.0,1454334.0,0.0,25.0,8.0,18567.0,23.0,7.220000000000001,14859.0,-1.84,-1.5,3.89,6653.17,1.09,78.5,68.0,0.0,119533.0,0.0,0.0,30452.0,39480.0,6.0,699.0,10.0,0.0,18621.0,22196.0,2308.0,10834.0,8772.0,47944.0,54076.0,348400.0,0.0,42500.0,122.0,44114.0,202.0,0.0,40421.0,-14825.0,5948.0,0.0,1824.0,3856.0,0.0,0.0,0.0,7.0,-15.379999999999999,10810.0,0.0,224024.0,51140.0,440.0,1.0,1.0,-30561.0,0.0,8907.0,2019.0,0.0,12561.0,0.0,0.0,0.0,18844.0,4404.0,0.0,76823.0,181673.0,16.0,29242.0,5726.0,2410.0,0.19,3288.0,624.0,305.0,305.0,76.77000000000001,1.1400000000000001,0.0,0.0,0.0,0.0,59.0,115.0,41738.0,14550.0,-40665.0,0.0,17809.0,1134.0,5000.0,0.0,5004.0,-80953.0,-1283.0,20412.0,6.0,694.0,0.0,0.0,8244.0,0.0,5000.0,76002.0,17790.0,17798.0,17790.0,135693.0,0.0,0.15,2.83,25347.0,48311.0,0.05,528.0,0.0,378686.0,109186.0,455310.0,0.0,0.0,875000.0,4250.0,0.0,0.0,9.259999999999998,1100.0,85266.0,14577.0,0.0,12290.0,18900.0,37800.0,57705.0,2459798.0,703.0,18724.0,1224.0,0.0,94100.0,51378.0,3904.0,0.0,471839.08999999997,-3.76,2.0,14584.0,53278.0,356567.0,9215.0,77680.0,33591.0,16110.0,200.0,40.0,364128.0,50.0,-15.379999999999999,9243.23,2476.0,1559.0,-0.9,179.21,151416.0,60000.0,870.0,536.0,-1875114.0,0.0,64158.0,43497.0,101441.0,20320.0,20320.0,0.0,-275.08,303.67,0.0,0.0,2.0,6.0,69875.0,69875.0,0.0,3336.0,0.0,60202.0,69875.0,230981.0,0.0,30018.0,1358620.43,1090070.0,5000.0,791245.0,2673290.0,468133.0,2430433.0,976099.0,28988.0,25600.0,24778.0,20732.0,180902.0,185913.0,76556.0,172622.0,187808.0,54593.0,26639.0,46374.0,1462479.0,2673290.0,4541878.0,3565779.0,296879.0,0.0,0.0,62792.0,296879.0,296879.0,-1868588.0,605351.0,296045.0,350638.0,378686.0,71565.0,218253.0,61955.0,364128.0,114256.0,135693.0,675158.0,87553.0,28971.0,10671.0,71955.0,206872.0,208320.0,254694.0,208374.0,600727.0,135693.0,0.0,-189716.0,20291.0,1.0,4.0,2196.0,0.0,0.0,3417.0,18.0,0.0,0.0,356.0,26.0,0.67,-0.71,1.9699999999999998,3.93,92.0,-36.0,92748.0,902481.0,124768.0,0.0,224531.0,0.0,0.0,-17659.0,0.0,1502.0,0.1,9474.0,54016.0,0.0,0.0,44.0,8263.0,109.0,32015.0,-2.6,81582.0,40791.0,17128.0,-10532.0,0.0
2022-07-01,4.0,26.0,0.93,-6.41,-9.8,21.32,-11.51,-100009.0,60097.0,367794.17000000004,143170.0,71847.0,64230.0,223761.48,98299.0,40927.0,0.0,2244.0,62693.0,77763.0,730.0,2104.0,60.120000000000005,2.0,4.0,1354325.0,0.0,25.0,1.0,18567.0,23.0,19.849999999999998,14859.0,4.63,3.78,6.370000000000001,5641.54,-0.73,63.5,70.0,0.0,162548.0,0.0,0.0,12183.0,25612.0,6.0,699.0,10.0,0.0,18621.0,24370.0,2308.0,12702.0,8772.0,23936.0,46160.0,198972.0,0.0,37500.0,122.0,36141.0,161.95,0.0,-18470.0,-24750.0,6000.0,-3060.0,7812.0,1788.0,0.0,0.0,80867.0,5.0,-25.38,5060.0,0.0,224024.0,51140.0,278.0,1.0,1.0,-30561.0,0.0,10137.0,201.0,0.0,20820.0,0.0,417.0,417.0,10272.0,4320.0,1352.0,76823.0,181673.0,0.0,30364.0,7567.0,3868.0,-1.1,2096.0,832.0,254.55,254.55,78.78999999999999,2.04,4336.0,0.0,0.0,0.0,70.6,115.0,33197.0,18236.0,-40665.0,-16597.0,17809.0,78.0,5000.0,0.0,0.0,-120248.0,-1283.0,20412.0,6.0,0.0,0.0,0.0,5402.0,0.0,5000.0,84678.0,-16611.0,-16610.0,-16611.0,135384.0,0.0,0.25,0.88,-88998.0,-100009.0,-0.13,0.0,0.0,430663.0,81194.0,449359.0,0.0,0.0,866666.0,2500.0,0.0,0.0,54.84,2346.0,85266.0,9577.0,4245.0,7794.0,10150.0,20300.0,57705.0,2409014.0,2298.0,23410.0,1398.0,0.0,140216.0,0.0,1214.0,0.0,348058.03,-17.4,2.0,6415.0,35662.0,349951.0,9215.0,78508.0,22402.0,14416.0,200.0,212.0,364128.0,0.0,-25.38,-82884.83,4072.0,1559.0,7.13,-110.76,15.0,60000.0,1132.0,5679.0,-1875114.0,0.0,67564.0,39105.0,98029.0,14558.0,14558.0,0.0,367.57,56.85,0.0,0.0,2.0,6.0,75639.0,75639.0,0.0,8382.0,0.0,50528.0,75639.0,204951.0,0.0,26603.0,1367314.68,1127932.0,5000.0,625240.0,2591008.0,361720.0,2349901.0,995576.0,20691.0,23631.0,17144.0,17738.0,180902.0,137699.0,70065.0,163871.0,135180.0,40597.0,17831.0,26224.0,1488669.0,2591008.0,4476207.0,3480631.0,221079.0,0.0,0.0,54901.0,221079.0,221079.0,-1885199.0,487555.0,218312.0,258909.0,430663.0,67845.0,195207.0,60205.0,364128.0,76047.0,135384.0,551758.0,58170.0,21387.0,7573.0,61903.0,187272.0,202408.0,228632.0,187272.0,580726.0,135384.0,0.0,-190036.0,16574.0,1.0,4.0,2044.0,0.0,0.0,2437.0,18.0,1.0,0.0,320.0,26.0,-0.15,0.13,1.76,3.5300000000000002,90.0,11.67,52448.0,899370.0,109768.0,0.0,176464.0,22862.0,0.0,-9501.0,-2553.0,0.0,0.74,16980.0,72205.0,0.0,0.0,22.0,4238.0,109.0,11146.0,-4.52,81112.0,40556.0,11161.0,-10382.0,0.0
2022-08-01,3.0,27.0,0.3,2.02,9.65,-0.54,-9.11,-324330.0,59122.0,418915.0,142200.0,145591.0,63211.0,81274.0,97308.0,40928.0,-5648.0,4646.0,91412.0,74011.0,730.0,8834.0,390.4,2.0,4.0,1029995.0,0.0,25.0,0.0,18567.0,23.0,8.52,14859.0,-1.84,-1.5,55.29,21765.42,1.3599999999999999,194.75,92.0,0.0,163380.0,0.0,0.0,4672.0,13857.0,6.0,699.0,10.0,0.0,18621.0,28214.0,0.0,14224.0,31094.0,39982.0,51624.0,119379.0,0.0,36500.0,122.0,50736.0,230.0,0.0,-6758.0,-14574.0,2452.0,0.0,5808.0,2162.0,0.0,0.0,0.0,7.0,4.51,5024.0,1198.0,224024.0,51140.0,0.0,1.0,1.0,-30561.0,0.0,22500.0,0.0,0.0,13386.0,0.0,116.0,116.0,19558.0,5584.0,0.0,76823.0,181673.0,0.0,35058.0,134582.0,1510.0,0.98,3788.0,864.0,330.18,330.0,237.21,19.35,5080.0,4352.0,0.0,29982.0,88.0,115.0,61328.0,16107.0,-40665.0,-16597.0,17809.0,468.0,5000.0,0.0,0.0,-641586.0,-1283.0,20412.0,6.0,0.0,0.0,21577.0,1176.0,0.0,5000.0,61591.0,-5666.0,-5666.0,-5666.0,116320.0,0.0,0.39,2.79,-168083.0,-324330.0,-0.6,0.0,0.0,515437.0,106072.0,631206.0,0.0,0.0,858333.0,4250.0,0.0,0.0,-25.82,532.0,93866.0,9577.0,0.0,13737.0,10650.0,21300.0,57704.0,2116935.0,4079.0,31250.0,2912.0,0.0,134692.0,0.0,1224.0,0.0,499756.0,16.07,2.0,18891.0,58286.0,346074.0,9215.0,73936.0,0.0,22078.0,200.0,216.0,364128.0,0.0,4.55,16755.5,8374.0,1583.0,-6.6,318.03999999999996,44052.0,50000.0,0.0,10563.0,-1875114.0,0.0,58868.0,57497.0,130657.0,20095.0,20095.0,0.0,241.19,-256.34000000000003,0.0,0.0,2.0,6.0,39848.0,39848.0,0.0,4453.0,0.0,63572.0,39848.0,192744.0,0.0,27543.0,1491788.0,1345345.0,5000.0,649418.0,2634641.0,282959.0,2387485.0,1357490.0,17964.0,11828.0,13968.0,10672.0,185202.0,194595.0,83037.0,188499.0,176983.0,53036.0,29143.0,31232.0,1624078.0,2634642.0,4525502.0,3168012.0,200299.0,21577.0,0.0,71454.0,200299.0,178722.0,-1890860.0,454837.0,179190.0,232226.0,515437.0,75503.0,236223.0,61954.0,364128.0,115177.0,116320.0,551917.0,85970.0,17411.0,7103.0,79705.0,200106.0,191365.0,222597.0,200106.0,630024.0,116320.0,0.0,-189562.0,24784.0,1.0,4.0,2692.0,0.0,0.0,6588.0,18.0,-1.0,0.0,104.0,0.0,0.32,-0.28,2.26,4.51,107.0,3.0,62464.0,924050.0,164632.0,0.0,205287.0,0.0,0.0,-5181.0,0.0,0.0,0.0,42729.0,53558.0,0.0,0.0,12.0,2273.0,109.0,7480.0,1.4,88158.0,44079.0,8586.0,-4981.0,0.0
2022-09-01,3.0,26.0,-2.39,7.18,-15.84,-3.62,19.47,22960.0,62642.0,708253.0,145721.0,145578.0,66731.0,81274.0,91613.0,40928.0,-8592.0,3910.0,59001.0,74040.0,730.0,848.0,147.6,2.0,4.0,1052952.0,0.0,25.0,-5.0,18567.0,26.0,11.0,14859.0,280.82,230.18,-17.25,5796.65,-0.31,78.58,64.0,0.0,131508.0,1032.0,0.0,8235.0,50374.0,6.0,699.0,10.0,0.0,18621.0,28502.0,0.0,11788.0,10156.0,41316.0,59394.0,198646.0,0.0,28000.0,122.0,40705.0,86.0,0.0,69481.0,-17917.0,5680.0,0.0,16100.0,1248.0,0.0,0.0,79971.0,10.0,-24.94,5134.0,2396.0,224024.0,51140.0,252.0,1.0,1.0,-30538.0,0.0,22500.0,-752.0,0.0,4612.0,0.0,-1500.0,-1500.0,37660.0,6644.0,0.0,76823.0,181673.0,0.0,40113.0,107380.0,606.0,-0.7,392.0,832.0,153.0,153.0,-93.19,-8.75,0.0,0.0,0.0,0.0,12.0,115.0,45835.0,25509.0,-40665.0,-16597.0,17809.0,628.0,15000.0,0.0,0.0,-669029.0,-1283.0,20412.0,6.0,0.0,0.0,0.0,40.0,0.0,15000.0,103183.0,40787.0,40782.0,40787.0,145649.0,0.0,0.87,9.94,-9224.0,22960.0,-0.15,0.0,0.0,794077.0,149432.0,1039128.0,0.0,0.0,850000.0,4250.0,0.0,0.0,-34.74,536.0,93866.0,9393.0,0.0,18726.0,0.0,0.0,57702.0,2133839.0,131.0,32876.0,120.0,7.0,304563.0,0.0,2848.0,0.0,479755.0,-4.47,2.0,13971.0,52858.0,350940.0,9215.0,73723.0,56189.0,17574.0,20217.0,92.0,364128.0,0.0,-24.97,128942.28,3560.0,1403.0,4.26,-86.94,73375.0,50000.0,0.0,2650.0,-1875114.0,40807.0,79896.0,50757.0,118577.0,14980.0,14980.0,2.0,-391.28,120.28,0.0,0.0,2.0,6.0,40649.0,40649.0,0.0,0.0,0.0,58072.0,40649.0,169285.0,0.0,28764.0,1803864.0,1691083.0,15000.0,934253.0,3015447.0,350371.0,2768293.0,1715338.0,37375.0,6900.0,30948.0,5940.0,185202.0,172083.0,80486.0,179674.0,199878.0,74716.0,26429.0,40661.0,1908145.0,3015445.0,4868462.0,3153124.0,457897.0,0.0,0.0,64958.0,457897.0,457897.0,-1853017.0,762190.0,451494.0,526210.0,794077.0,73382.0,216738.0,61952.0,364128.0,97735.0,145649.0,808764.0,71265.0,8411.0,2267.0,74664.0,223130.0,195299.0,235960.0,223130.0,620720.0,145649.0,29504.0,-188984.0,36477.0,1.0,4.0,0.0,0.0,0.0,6497.0,18.0,0.0,0.0,0.0,2.0,-0.03,0.02,2.98,5.96,107.0,3.33,81322.0,927924.0,164632.0,0.0,228293.0,0.0,0.0,-5163.0,0.0,0.0,-1.6,165102.0,19078.0,0.0,0.0,55.0,8275.0,109.0,10930.0,-5.039999999999999,84932.0,42466.0,8190.0,273.0,0.0
2022-10-01,3.0,27.0,-4.12,1.82,3.06,9.24,-12.3,-151351.0,29428.0,687710.0,42236.0,458342.0,21080.0,351216.0,32308.0,40928.0,-8592.0,3610.0,58354.0,84792.0,730.0,-7882.0,-123.28,2.0,4.0,901604.0,0.0,25.0,3.0,18567.0,23.0,10.629999999999999,14859.0,-114.12,-63.5,-34.97,18740.77,-0.69,251.87,8.0,0.0,190826.0,0.0,0.0,8752.0,110255.0,6.0,699.0,10.0,0.0,18621.0,18084.0,0.0,14390.0,8772.0,50756.0,52968.0,423591.0,0.0,28000.0,112.0,49768.0,135.0,0.0,137457.0,-17457.0,2452.0,0.0,19364.0,24194.0,0.0,0.0,108460.0,5.0,1.5699999999999998,1038.0,2396.0,224024.0,51140.0,0.0,1.0,1.0,-30561.0,0.0,24492.0,0.0,0.0,7325.0,0.0,24.0,24.0,30462.0,8432.0,0.0,76823.0,181673.0,0.0,44390.0,108854.0,6736.0,4.06,1584.0,864.0,437.0,200.0,150.5,-14.24,5004.0,0.0,0.0,0.0,56.0,115.0,54369.0,33388.0,-40665.0,-16597.0,17809.0,936.0,8000.0,0.0,0.0,-200892.0,-1283.0,20412.0,6.0,5600.0,0.0,0.0,11794.0,0.0,8000.0,97559.0,67997.0,68000.0,67997.0,138490.0,0.0,0.07,13.66,111060.0,-151351.0,-0.15,0.0,0.0,887164.0,232992.0,1257641.0,0.0,0.0,841666.0,10590.0,68026.0,0.0,-30.04,2496.0,93866.0,20363.0,0.0,32303.0,0.0,0.0,57702.0,1950934.0,1369.0,12204.0,1378.0,0.0,459255.0,0.0,36906.0,0.0,0.0,1.86,2.0,10730.0,49784.0,109277.0,9215.0,70709.0,80599.0,12490.0,20217.0,0.0,364128.0,0.0,32.839999999999996,115895.42,7544.0,1403.0,-11.719999999999999,-167.1,106849.0,60000.0,0.0,3790.0,-1875114.0,39696.0,66588.0,33830.0,89726.0,27817.0,27817.0,16.0,-8.78,-54.14,0.0,0.0,2.0,6.0,21000.0,22820.0,0.0,14761.0,0.0,70542.0,24640.0,148630.0,0.0,23304.0,1711509.0,1924760.0,8000.0,1312703.0,3129919.0,634634.0,2876425.0,1974821.0,76884.0,19151.0,65629.0,11672.0,185202.0,190909.0,83112.0,193034.0,261161.0,116496.0,24892.0,49231.0,1739173.0,3129920.0,4916051.0,2941230.0,674555.0,0.0,0.0,77839.0,674555.0,674555.0,-1786131.0,1121823.0,700556.0,817052.0,887164.0,77620.0,254160.0,68292.0,364128.0,99316.0,138490.0,1143176.0,74383.0,63039.0,22963.0,91924.0,273932.0,255511.0,304742.0,273932.0,610064.0,138490.0,0.0,-188984.0,25429.0,1.0,4.0,1168.0,0.0,0.0,3067.0,18.0,0.0,176.0,0.0,28.0,-0.15,0.13,4.66,9.32,106.0,4.33,98462.0,932703.0,98576.0,0.0,291273.0,0.0,0.0,-17331.0,-10.0,0.0,-0.38,199725.0,74758.0,0.0,0.0,9.0,5074.0,109.0,10366.0,1.74,81862.0,40931.0,5234.0,-888.0,0.0
2022-11-01,3.0,26.0,-2.75,-0.29,25.16,-19.86,-5.31,69212.0,37831.0,330848.0,14879.0,197319.0,47763.0,319342.0,35721.0,40928.0,-8592.0,3924.0,82180.0,88655.0,730.0,5910.0,-444.24,2.0,4.0,970816.0,0.0,25.0,0.0,18567.0,23.0,5.77,14859.0,1850.28,1486.58,5.48,34173.18,0.4,400.07,8.0,0.0,110171.0,0.0,0.0,9012.0,44422.0,6.0,699.0,10.0,0.0,18621.0,14200.0,0.0,12000.0,8772.0,38422.0,57502.0,192380.0,0.0,24500.0,122.0,75636.0,37.0,0.0,66978.0,2392.0,8332.0,0.0,2178.0,4974.0,0.0,0.0,48500.0,4.0,-16.94,6180.0,2396.0,224024.0,51140.0,32.0,1.0,1.0,-30561.0,500.0,25288.0,2342.0,0.0,8383.0,0.0,0.0,0.0,26990.0,0.0,0.0,76823.0,181673.0,0.0,46949.0,135440.0,2282.0,2.38,2224.0,832.0,84.0,84.0,-65.86,1.63,5456.0,3647.0,0.0,0.0,12.0,115.0,74659.0,26131.0,-40665.0,-16597.0,17809.0,188.0,8500.0,0.0,0.0,591782.0,-1283.0,20412.0,6.0,0.0,0.0,21508.0,9376.0,0.0,8500.0,61635.0,43185.0,43185.0,43185.0,142946.0,43204.0,-0.32,-2.46,27245.0,69212.0,0.19,0.0,0.0,784666.0,116890.0,836596.0,0.0,0.0,833333.0,10590.0,68026.0,0.0,24.72,5904.0,93866.0,20363.0,0.0,8595.0,4000.0,8000.0,57703.0,1999182.0,1759.0,10568.0,10896.0,2.0,346266.0,0.0,14016.0,0.0,530133.0,30.18,2.0,17118.0,59634.0,115255.0,14179.0,70380.0,72000.0,13248.0,20217.0,0.0,364128.0,0.0,-44.81999999999999,-9519.2,9584.0,152.0,-1.88,72.72,6.0,60000.0,0.0,7408.0,-1875114.0,39696.0,68144.0,34372.0,92022.0,11597.0,11597.0,12.0,177.0,-62.629999999999995,36860.0,73720.0,2.0,6.0,36676.0,46555.0,0.0,14486.0,0.0,90802.0,56434.0,134743.0,0.0,29911.0,1646229.0,1427680.0,8500.0,952450.0,2720985.0,322768.0,2467490.0,1496674.0,30181.0,16725.0,28806.0,15145.0,185202.0,242459.0,75229.0,181219.0,219907.0,58445.0,29817.0,40843.0,1637648.0,2720986.0,4463932.0,2967258.0,416269.0,21508.0,0.0,98636.0,416269.0,394761.0,-1742946.0,710010.0,416802.0,475247.0,784666.0,72826.0,206816.0,68293.0,364128.0,129076.0,142946.0,845978.0,99207.0,46639.0,15239.0,113812.0,202884.0,193901.0,234744.0,202884.0,592937.0,142946.0,464.0,-188984.0,27626.0,1.0,4.0,0.0,0.0,0.0,4445.0,18.0,0.0,0.0,0.0,24.0,-0.07,0.07,0.99,1.99,103.0,3.34,81686.0,802203.0,148576.0,0.0,209376.0,0.0,0.0,-6492.0,0.0,0.0,0.6,19452.0,37907.0,0.0,0.0,35.0,3964.0,109.0,10201.0,1.58,80902.0,40451.0,6391.0,-1476.0,0.0
2022-12-01,3.0,26.0,-0.35,-5.23,-32.72,24.72,7.99,16256.0,29542.0,137319.0,14279.0,336465.0,48301.0,490128.0,34451.0,40928.0,-8592.0,3058.0,49111.0,75018.0,730.0,20236.0,-30.65,2.0,4.0,987072.0,0.0,25.0,0.0,18567.0,23.0,18.44,14859.0,-1637.74,-1342.4,-28.5,-14900.36,0.96,-148.19,12.0,0.0,251245.0,0.0,0.0,4397.0,44700.0,6.0,699.0,10.0,0.0,18621.0,16558.0,0.0,13166.0,8772.0,56966.0,58610.0,184214.0,0.0,22500.0,122.0,31870.0,57.0,3592.0,-1840.0,-18014.0,5680.0,0.0,2344.0,5728.0,-10.0,0.0,0.0,4.0,-0.27,5602.0,2396.0,224024.0,51140.0,2950.0,1.0,1.0,-30561.0,0.0,19476.0,6935.0,0.0,743.0,0.0,0.0,0.0,27504.0,14560.0,0.0,76823.0,181673.0,-80.0,46933.0,155817.0,3454.0,-0.16999999999999998,2016.0,832.0,105.0,105.0,79.41,-11.149999999999999,0.0,1839.0,0.0,0.0,5.0,115.0,48934.0,24219.0,-40665.0,-16597.0,17809.0,702.0,13500.0,0.0,0.0,20736.0,-1283.0,20412.0,6.0,0.0,0.0,0.0,15354.0,3.0,13500.0,130189.0,3573.0,3573.0,3573.0,235425.0,43204.0,-0.34,4.53,-187286.0,16256.0,-0.02,0.0,0.0,680231.0,158088.0,974044.0,0.0,0.0,825000.0,10590.0,68026.0,0.0,32.04,2068.0,93866.0,20363.0,0.0,14126.0,28750.0,57500.0,57703.0,1988905.0,1188.0,10110.0,238.0,2.0,448504.0,0.0,18472.0,0.0,284410.0,-39.28,2.0,11268.0,53010.0,103748.0,16623.0,68997.0,72938.0,12670.0,20217.0,0.0,364128.0,0.0,-0.6299999999999999,-78192.08,4714.0,152.0,0.22000000000000003,109.81,37706.0,60000.0,0.0,3630.0,-1875114.0,39696.0,62016.0,37106.0,91440.0,25535.0,25535.0,11.0,-134.26,1173.6299999999999,36860.0,73720.0,2.0,6.0,54450.0,54450.0,0.0,4833.0,0.0,50842.0,54450.0,166034.0,0.0,25423.0,1510880.0,1477725.0,13503.0,907875.0,2804444.0,455676.0,2550949.0,1563877.0,34066.0,6262.0,33512.0,3705.0,185202.0,183195.0,83233.0,182919.0,174105.0,79044.0,26505.0,17714.0,1495720.0,2804445.0,4543816.0,2979939.0,486202.0,0.0,0.0,52830.0,486202.0,486202.0,-1739371.0,724697.0,474727.0,553771.0,680231.0,69940.0,247282.0,68293.0,364128.0,116441.0,235425.0,800564.0,89896.0,57622.0,15018.0,66988.0,160950.0,153195.0,170909.0,160950.0,568060.0,235425.0,0.0,-189266.0,23752.0,0.0,4.0,708.0,0.0,0.0,1942.0,18.0,0.0,0.0,0.0,11.0,-0.1,0.09,1.03,2.07,62.0,2.66,35428.0,826536.0,98576.0,0.0,168355.0,0.0,0.0,-7405.0,0.0,0.0,-0.44,207741.0,0.0,0.0,0.0,43.0,4186.0,109.0,24109.0,9.46,79252.0,39626.0,17925.0,-80.0,0.0
2023-01-01,3.0,26.0,-30.68,58.839999999999996,115.26,75.18,9.56,1166675.0,47763.0,276708.0,20070.0,321990.0,30080.0,577015.0,33851.0,0.0,0.0,2570.0,74584.0,126295.0,730.0,65434.0,395.38,2.0,4.0,1166675.0,0.0,25.0,-4.0,20238.0,0.0,34.18,13188.0,623.54,511.1,348.46,17771.0,2.38,204.0,12.0,0.0,-5161.0,0.0,0.0,10536.0,74093.0,6.0,489.0,10.0,0.0,18831.0,8842.0,0.0,7550.0,4384.0,44000.0,46574.0,298742.0,0.0,34710.0,122.0,31966.0,57.0,0.0,29658.0,-4942.0,4558.0,0.0,7344.0,3004.0,0.0,73162.0,89782.0,10.0,25.24,7446.0,2396.0,224140.0,51140.0,4224.0,1.0,1.0,0.0,0.0,5097.0,0.0,0.0,13969.0,0.0,0.0,0.0,21294.0,0.0,0.0,61769.0,196727.0,20.0,47015.0,53495.0,1762.0,6.1,3352.0,832.0,105.0,105.0,105.0,2.86,5716.0,0.0,0.0,0.0,6.0,115.0,41038.0,23601.0,30545.0,0.0,0.0,10156.0,8000.0,0.0,0.0,-2884533.0,0.0,0.0,6.0,0.0,2.0,71507.0,8170.0,422657.0,430657.0,139376.0,443019.0,443015.0,443019.0,242399.0,0.0,3.43,13.0,155640.0,1166675.0,1.62,0.0,39450.0,1305823.0,244090.0,1546643.0,0.0,0.0,816666.0,0.0,0.0,0.0,171.24,3742.0,93866.0,-7958.0,0.0,19525.0,27000.0,54000.0,-186079.0,1756715.0,1032.0,6528.0,-1030.0,7.0,233657.0,58408.0,18032.0,0.0,708791.0,83.16,2.0,6832.0,39174.0,108664.0,17498.0,68956.0,40539.0,8840.0,20217.0,0.0,364128.0,200.0,25.24,886038.0,4624.0,152.0,8.65,414.16,99445.0,60000.0,0.0,9314.0,-1628032.0,0.0,69068.0,26523.0,66211.0,17337.0,17337.0,0.0,725.0,1722.14,36860.0,73720.0,2.0,6.0,79409.0,79409.0,0.0,4866.0,0.0,107856.0,79409.0,153393.0,0.0,57970.0,2046829.0,2030622.0,430657.0,1011306.0,3023362.0,313798.0,3060762.0,1894087.0,51717.0,16170.0,41868.0,13188.0,148679.0,180841.0,122252.0,231324.0,260411.0,122045.0,19587.0,10923.0,2140437.0,3023362.0,4620861.0,2726774.0,552787.0,71507.0,0.0,55284.0,552787.0,481280.0,-1597499.0,830487.0,524314.0,646359.0,1345273.0,78457.0,309793.0,-186079.0,364128.0,84321.0,242399.0,847451.0,64698.0,86050.0,28338.0,96750.0,154757.0,173183.0,184106.0,154757.0,539181.0,242399.0,0.0,-232854.0,7695.0,0.0,4.0,560.0,0.0,8.655287000000001,1069.0,18.0,3.0,0.0,0.0,26.0,0.0,0.0,4.5,9.0,62.0,0.0,21846.0,688301.0,99235.0,0.0,161369.0,0.0,0.0,-6612.0,0.0,0.0,1.38,174804.0,35.0,0.0,0.0,42.0,2518.0,109.0,7188.0,7.56,78326.0,39163.0,15047.0,-2674.0,0.0
2023-02-01,3.0,23.0,-2.66,-50.7,14.34,-20.78,6.4399999999999995,-44404.0,66630.0,729527.0,22723.0,554857.0,10834.0,396715.0,26128.0,0.0,0.0,3034.0,16414.0,102329.0,730.0,7644.0,-807.2,2.0,4.0,1122271.0,0.0,25.0,-386075.0,20238.0,0.0,-7.1,13188.0,-351.36,-288.0,95.32,12189.25,-0.83,77.0,38.0,0.0,177564.0,0.0,10536.0,0.0,61391.0,6.0,489.0,10.0,0.0,18831.0,9188.0,0.0,6206.0,4384.0,40528.0,40338.0,177844.0,0.0,38210.0,122.0,36753.0,150.0,0.0,159755.0,-18101.0,2188.0,0.0,-6124.0,5416.0,0.0,-73162.0,80166.0,10.0,25.959999999999997,6508.0,2396.0,224140.0,51140.0,0.0,1.0,1.0,5983.0,0.0,-2136.0,0.0,13969.0,0.0,0.0,0.0,0.0,12554.0,18180.0,-140.0,61769.0,196727.0,0.0,47115.0,75197.0,858.0,0.3,14284.0,832.0,249.0,249.0,232.5,21.11,4856.0,0.0,0.0,0.0,49.0,115.0,31119.0,18224.0,30545.0,0.0,0.0,0.0,8000.0,0.0,0.0,26848.0,0.0,0.0,6.0,0.0,2.0,45264.0,17190.0,-422657.0,-414657.0,135940.0,42245.0,-343830.0,42245.0,209818.0,0.0,-0.15,4.0,-221738.0,-44404.0,-0.02,0.0,33556.0,1225411.0,137914.0,1558187.0,0.0,0.0,808333.0,0.0,0.0,20278.0,-83.34,3140.0,93866.0,-7958.0,0.0,21794.0,-1750.0,-3500.0,199996.0,2118186.0,235.0,6274.0,600.0,7.0,142602.0,65765.0,14658.0,60000.0,121886.0,29.81,2.0,5634.0,29360.0,102108.0,18014.0,69073.0,41988.0,10812.0,20217.0,0.0,364128.0,0.0,25.959999999999997,-783304.5,4732.0,152.0,-0.370000000000001,-70.26,102964.0,60000.0,0.0,5050.0,-1727223.0,0.0,79140.0,24478.0,62266.0,22381.0,22381.0,0.0,271.0,-1564.38,36860.0,73720.0,2.0,6.0,43552.0,81374.0,11847.0,6981.0,0.0,53222.0,119196.0,235154.0,0.0,26331.0,1965844.0,2000274.0,-414657.0,897875.0,3355887.0,375625.0,3007212.0,1884941.0,45060.0,24558.0,38094.0,18758.0,148679.0,144136.0,31501.0,114695.0,192917.0,68957.0,14680.0,56058.0,2057641.0,3355887.0,5046614.0,3161673.0,436749.0,45264.0,0.0,56404.0,436749.0,391485.0,-1690727.0,753759.0,450935.0,519892.0,1258967.0,59392.0,131566.0,199996.0,364128.0,75071.0,209818.0,774039.0,60375.0,42636.0,10838.0,69237.0,190540.0,177789.0,233847.0,190540.0,543968.0,209818.0,0.0,-247458.0,20349.0,1.0,4.0,1920.0,0.0,-4.33,0.0,18.0,0.0,0.0,0.0,0.0,3.95,3.04,2.25,4.5,71.0,0.0,112116.0,729771.0,99235.0,0.0,180386.0,0.0,0.0,10154.0,0.0,0.0,0.26,165834.0,96.0,0.0,0.0,50.0,4351.0,109.0,29322.0,13.02,77536.0,38768.0,787.0,4898.0,0.0
2023-03-01,8.0,23.0,-7.95,-1.9100000000000001,-11.62,11.04,0.5800000000000001,193892.0,95189.0,510597.0,85766.0,242325.0,14277.0,271618.0,24353.0,0.0,0.0,2700.0,29351.0,132089.0,1500.0,45430.0,7.980000000000004,2.0,4.0,1316163.0,0.0,54.54,6.0,20238.0,0.0,45.06,13188.0,8.799999999999997,-19.5,-11.86,17609.42,-0.09000000000000001,171.0,18.0,0.0,144242.0,0.0,0.0,3762.0,64131.0,12.0,489.0,10.0,0.0,18831.0,18146.0,0.0,17384.0,8764.0,67778.0,61124.0,444546.0,0.0,38210.0,138.0,47298.0,186.0,0.0,35046.0,-32800.0,42198.0,-10074.0,9268.0,652.0,400.0,0.0,109124.0,7.0,24.27,3848.0,0.0,224140.0,51140.0,484.0,1.0,1.0,5984.0,0.0,8073.0,561.0,0.0,6212.0,0.0,0.0,0.0,48988.0,16068.0,0.0,61769.0,196727.0,0.0,7115.0,106816.0,2222.0,-0.96,10316.0,736.0,454.0,342.0,236.5,-12.39,5486.0,0.0,0.0,0.0,121.0,120.0,43417.0,20503.0,30545.0,0.0,0.0,1626.0,0.0,0.0,20000.0,819151.0,27025.0,0.0,8.0,398.0,1.0,22828.0,11874.0,25636.0,25636.0,171642.0,26753.0,26759.0,26753.0,270671.0,0.0,-1.09,-0.11999999999999988,323379.0,193892.0,0.19,0.0,18160.0,932304.0,193632.0,1228822.0,0.0,2.0,800000.0,0.0,0.0,0.0,91.94,3986.0,93866.0,-37353.0,2446.0,28009.0,23250.0,46500.0,200001.0,2104831.0,672.0,10348.0,3472.0,0.0,96312.0,375782.0,10024.0,0.0,454783.0,-49.41,2.0,5766.0,41548.0,183834.0,20124.0,27635.0,39859.0,19518.0,350.0,0.0,380691.0,0.0,44.15,17417.83,4150.0,152.0,1.38,-29.35,41439.0,60000.0,1036.0,3811.0,-1727223.0,0.0,76838.0,43421.0,98411.0,19301.0,19301.0,12.0,-911.14,614.24,36860.0,73720.0,3.0,7.0,38039.0,77858.0,0.0,4791.0,0.0,74230.0,117677.0,423744.0,30.0,34215.0,1762483.0,1798813.0,25636.0,1300667.0,3334363.0,589138.0,2985683.0,1669520.0,53373.0,8660.0,41747.0,6098.0,148679.0,184418.0,117682.0,246650.0,239705.0,96816.0,20774.0,47885.0,1745184.0,3334364.0,4998095.0,3328575.0,645467.0,22828.0,0.0,79248.0,645467.0,622639.0,-1663731.0,1116279.0,643758.0,740574.0,950464.0,90689.0,312245.0,200001.0,380691.0,89600.0,270670.0,1155895.0,68711.0,112619.0,32559.0,95158.0,360934.0,327790.0,375675.0,360934.0,528813.0,270671.0,0.0,-248300.0,9532.0,1.0,4.0,3296.0,40.0,0.0,1670.0,23.0,2.0,0.0,0.0,12.0,-1.08,1.14,4.72,15.17,58.0,0.0,95770.0,691670.0,159517.0,0.0,333063.0,45577.0,0.0,-15980.0,-1726.0,0.0,0.98,273279.0,47967.0,950.0,0.0,35.0,6326.0,109.0,17279.0,-13.1,77838.0,38918.0,21156.0,8894.0,40.0
2023-04-01,12.0,19.0,-4.07,2.52,24.76,-12.58,-12.18,3133.0,88922.0,957049.0,106194.0,274983.0,16754.0,99397.0,21476.0,40405.0,0.0,6350.0,-12408.0,136501.0,794.0,18558.0,220.57,2.0,4.0,1319296.0,0.0,27.81,-2.0,20238.0,0.0,7.450000000000001,13188.0,19.0,13.78,-39.86,30996.08,-0.32,339.75,34.0,0.0,159470.0,0.0,0.0,0.0,64468.0,12.0,489.0,10.0,258.0,18831.0,37104.0,0.0,8354.0,8772.0,68118.0,59976.0,328113.0,0.0,26510.0,138.0,72571.0,264.0,0.0,-7618.0,-15646.0,8128.0,-6158.0,10624.0,6206.0,1626.0,0.0,40176.0,9.0,23.590000000000003,3826.0,0.0,229308.0,51140.0,0.0,1.0,1.0,5984.0,0.0,5100.0,4734.0,0.0,9256.0,0.0,0.0,0.0,53424.0,19060.0,0.0,65184.0,200142.0,49.0,5089.0,34118.0,808.0,-2.2,6460.0,608.0,427.0,384.0,215.0,-12.3,5486.0,0.0,0.0,0.0,112.0,120.0,45472.0,14725.0,30545.0,0.0,0.0,4862.0,11000.0,0.0,20000.0,-1110716.0,27025.0,0.0,8.0,1094.0,1.0,21257.0,10412.0,41016.0,52016.0,187922.0,40386.0,40384.0,40386.0,239419.0,0.0,1.14,2.46,-162246.0,3133.0,-0.15,0.0,16472.0,1443966.0,167448.0,1799081.0,0.0,3.0,791666.0,0.0,0.0,0.0,4.1,-652.0,102216.0,-119320.0,14617.0,23792.0,14650.0,29300.0,199996.0,2104331.0,213.0,6982.0,-11042.0,4.0,192003.0,198350.0,6366.0,0.0,702336.0,15.72,2.0,6464.0,28912.0,200711.0,22129.0,5632.0,40947.0,12310.0,350.0,316.0,380691.0,0.0,15.940000000000001,65886.17,10422.0,0.0,6.74,-90.69,74664.0,72612.0,228.0,3172.0,-1727223.0,0.0,84786.0,46091.0,97583.0,25134.0,25134.0,11.0,154.82999999999998,-372.2,0.0,0.0,3.0,7.0,40023.0,80657.0,0.0,17255.0,0.0,93742.0,121291.0,405494.0,19.0,27321.0,2371091.0,2369675.0,52016.0,1022731.0,3755666.0,487933.0,3396817.0,2077521.0,61095.0,16212.0,46481.0,10289.0,158853.0,169196.0,102184.0,207246.0,215088.0,83724.0,14456.0,23166.0,2288774.0,3755667.0,5379012.0,3301491.0,526423.0,21257.0,0.0,101034.0,526423.0,505166.0,-1623345.0,853554.0,550264.0,633988.0,1460438.0,76973.0,282725.0,199996.0,380691.0,56819.0,239419.0,920067.0,42316.0,61178.0,19792.0,112752.0,193054.0,196381.0,219547.0,193054.0,573257.0,239419.0,0.0,-248300.0,401.0,0.0,4.0,3140.0,27.0,0.0,4314.0,23.0,1.0,12172.0,344.0,11.0,0.32,-0.41,-1.82,-4.55,43.0,0.0,46332.0,717533.0,256051.0,0.0,204493.0,0.0,0.0,-11439.0,0.0,0.0,-1.1600000000000001,316695.0,19664.0,1385.0,0.0,8.0,1865.0,109.0,2652.0,-4.1,73694.0,36847.0,5020.0,5866.0,23.0
2023-05-01,16.0,22.0,-1.81,-2.63,-26.92,20.6,6.32,-48421.0,77381.0,585480.0,99217.0,441985.0,25186.0,200400.0,19806.0,40405.0,0.0,11010.0,39853.0,152010.0,948.0,22428.0,114.63,2.0,4.0,1270875.0,0.0,25.7,-5.0,20238.0,0.0,39.32,13188.0,-7.66,-5.56,-32.29,8834.45,0.66,131.45,26.0,0.0,153881.0,0.0,0.0,0.0,126793.0,12.0,489.0,10.0,1262.0,18831.0,65608.0,0.0,0.0,13156.0,109702.0,81124.0,274678.0,0.0,18010.0,138.0,59923.0,224.0,0.0,50528.0,-30678.0,12144.0,-7000.0,16226.0,6208.0,4380.0,0.0,318877.0,1.0,8.97,3686.0,0.0,246258.0,53422.0,0.0,1.0,1.0,5984.0,0.0,8520.0,11326.0,0.0,2343.0,0.0,0.0,0.0,12196.0,22374.0,0.0,66024.0,200982.0,12.0,9184.0,67572.0,3416.0,5.74,7806.0,640.0,443.0,427.0,240.8,-7.87,5486.0,0.0,0.0,0.0,176.0,120.0,63578.0,31161.0,30545.0,0.0,0.0,1348.0,8000.0,0.0,1748.0,354187.0,27025.0,41910.0,8.0,460.0,0.0,18705.0,10032.0,23935.0,31935.0,273063.0,41865.0,41860.0,41865.0,343594.0,0.0,-0.85,13.99,40646.0,-48421.0,0.02,0.0,0.0,1320201.0,327586.0,1650188.0,0.0,4.0,783333.0,0.0,0.0,0.0,-39.64,3006.0,85266.0,-114135.0,9808.0,63016.0,27750.0,55500.0,199999.0,2108096.0,54.0,35888.0,66.0,8.0,329047.0,329128.0,6966.0,0.0,557028.0,-3.7800000000000002,2.0,9290.0,58554.0,196508.0,22129.0,3894.0,64416.0,27522.0,500.0,0.0,378590.0,0.0,3.9300000000000006,43467.7,9624.0,0.0,-10.48,101.4,42021.0,70268.0,232.0,17436.0,-1727223.0,0.0,112820.0,72931.0,165063.0,71555.0,71555.0,8.0,429.27,947.52,0.0,0.0,3.0,7.0,37834.0,79233.0,0.0,13432.0,0.0,100804.0,120632.0,321760.0,44.0,43775.0,2152373.0,2144762.0,31935.0,1928703.0,3549236.0,429059.0,3188403.0,1917528.0,112790.0,10973.0,98088.0,4796.0,160834.0,262095.0,131405.0,290689.0,342929.0,163793.0,29277.0,49055.0,2037160.0,3549237.0,5130717.0,3213189.0,1037755.0,18705.0,0.0,102465.0,1037755.0,1019050.0,-1581480.0,1666653.0,1084818.0,1248611.0,1320201.0,110357.0,454847.0,199999.0,378590.0,133706.0,343594.0,1714250.0,104342.0,52817.0,18463.0,128809.0,402251.0,368942.0,417997.0,402251.0,464639.0,343594.0,29028.0,-248300.0,3213.0,0.0,4.0,828.0,58.0,0.0,4722.0,23.0,1.0,0.0,1368.0,8.0,-0.94,1.57,10.11,25.28,76.0,0.0,98110.0,493454.0,237186.0,0.0,412427.0,0.0,0.0,-10176.0,0.0,0.0,0.63,572970.0,18700.0,0.0,0.0,27.0,5094.0,109.0,16249.0,4.96,85562.0,42781.0,28664.0,3162.0,52.0
2023-06-01,20.0,22.0,-5.74,1.01,-10.72,1.54,9.18,38439.0,80699.0,863005.0,114686.0,338869.0,25061.0,212463.0,19548.0,40405.0,0.0,5812.0,78775.0,135919.0,956.0,17636.0,-1684.52,2.0,4.0,1309314.0,0.0,15.139999999999999,6.0,32507.0,0.0,5.91,25457.0,-8.12,-5.88,55.21,2753.720000000001,-0.19,-20.53,34.0,0.0,127581.0,0.0,0.0,0.0,76367.0,14.0,489.0,10.0,68.0,18831.0,43444.0,0.0,2234.0,8764.0,55398.0,59526.0,167763.0,0.0,15010.0,138.0,42726.0,165.0,0.0,67611.0,-17225.0,10542.0,-21038.0,7008.0,10556.0,4346.0,0.0,0.0,3.0,-10.219999999999999,2674.0,7188.0,267240.0,53422.0,0.0,1.0,1.0,5984.0,0.0,0.0,9674.0,0.0,0.0,0.0,0.0,0.0,53040.0,25504.0,-30.0,66624.0,201582.0,0.0,9184.0,19910.0,2304.0,-2.74,3562.0,640.0,223.0,349.0,92.53,19.0,0.0,0.0,0.0,0.0,145.0,120.0,44187.0,24006.0,30545.0,0.0,34924.0,854.0,8000.0,0.0,0.0,-199088.0,27025.0,41910.0,8.0,694.0,0.0,0.0,12332.0,1713.0,9713.0,199619.0,34900.0,34906.0,34900.0,282738.0,0.0,0.44,-10.25,5924.0,38439.0,0.03,0.0,0.0,1540828.0,200088.0,1680153.0,0.0,5.0,775000.0,0.0,0.0,0.0,16.21,4710.0,85266.0,-114135.0,5990.0,42858.0,41250.0,82500.0,199997.0,2107596.0,1296.0,25406.0,5006.0,9.0,82930.0,341342.0,3196.0,0.0,574448.0,8.87,2.0,6090.0,53308.0,214843.0,22129.0,9125.0,50427.0,15428.0,500.0,0.0,363964.0,0.0,-36.050000000000004,21227.3,8160.0,0.0,2.54,9.379999999999999,153441.0,72612.0,2000.0,13206.0,-1727223.0,0.0,78174.0,51412.0,111876.0,13169.0,13169.0,3.0,-72.69,60.74,0.0,0.0,4.0,8.0,42589.0,86451.0,0.0,5336.0,0.0,78256.0,130314.0,357490.0,24.0,31433.0,2409595.0,2200722.0,9713.0,1172607.0,3586086.0,295844.0,3201895.0,1892581.0,71879.0,3895.0,62977.0,1440.0,184194.0,211133.0,99790.0,212084.0,233427.0,100044.0,26654.0,28473.0,2259348.0,3586087.0,5132667.0,3240086.0,577690.0,0.0,0.0,80007.0,577690.0,577690.0,-1546580.0,961498.0,612490.0,712534.0,1540828.0,83007.0,255205.0,199997.0,363964.0,111527.0,282739.0,1038864.0,84795.0,54666.0,15746.0,99920.0,243617.0,220467.0,248940.0,243617.0,447903.0,282738.0,0.0,-248300.0,-23231.0,0.0,4.0,408.0,35.0,0.0,5330.0,25.0,1.0,0.0,2136.0,3.0,-0.05,0.12,-4.93,-4.9,43.0,0.0,56946.0,521051.0,245446.0,0.0,257957.0,0.0,0.0,-14340.0,0.0,0.0,-0.09000000000000001,339501.0,-27729.0,3850.0,0.0,39.0,7634.0,109.0,16190.0,-2.76,83740.0,41870.0,27019.0,3816.0,29.0
2023-07-01,-8.0,20.0,-5.69,-0.23,-1.78,-3.78,5.56,17861.0,69838.0,811775.0,126955.0,407412.0,29527.0,180036.0,16456.0,40405.0,0.0,13486.0,38536.0,127640.0,980.0,13656.0,1058.06,2.0,4.0,1327175.0,0.0,74.38,-3.0,34807.0,0.0,22.33,27757.0,-1.54,-1.11,19.689999999999998,15407.08,0.31,133.33,22.0,0.0,182493.0,0.0,0.0,0.0,143366.0,14.0,489.0,10.0,0.0,18831.0,37154.0,0.0,0.0,8772.0,131316.0,78870.0,479876.0,0.0,12010.0,138.0,47402.0,183.0,0.0,79145.0,-24953.0,27374.0,-15686.0,3530.0,-2812.0,2366.0,0.0,84227.0,4.0,8.53,3806.0,0.0,267240.0,53422.0,0.0,1.0,1.0,5984.0,0.0,2088.0,4947.0,0.0,0.0,0.0,76.0,76.0,22888.0,18370.0,0.0,67273.0,202231.0,0.0,9184.0,54385.0,464.0,-1.58,5934.0,640.0,259.0,389.0,228.81,5.359999999999999,12348.0,0.0,0.0,0.0,152.0,120.0,54222.0,26753.0,30545.0,50408.0,34924.0,1916.0,8000.0,0.0,0.0,-152230.0,27025.0,41910.0,8.0,398.0,0.0,0.0,6238.0,15273.0,23273.0,195540.0,50372.0,50369.0,50372.0,297673.0,0.0,-0.49,8.780000000000001,-69012.0,17861.0,-0.08,0.0,0.0,1387198.0,306128.0,1917514.0,0.0,-2.0,766666.0,0.0,0.0,0.0,-27.130000000000003,1292.0,85266.0,-114135.0,12371.0,51963.0,62500.0,125000.0,199997.0,2107346.0,59.0,28838.0,2546.0,8.0,320083.0,369134.0,3064.0,0.0,509735.0,-4.85,2.0,8047.0,55054.0,217595.0,22129.0,11485.0,55893.0,27152.0,500.0,184.0,360309.0,0.0,5.13,79289.5,10978.0,0.0,2.86,82.92,167375.0,70268.0,6040.0,3362.0,-1727223.0,0.0,108978.0,61711.0,136367.0,63993.0,63993.0,14.0,-306.5,-280.72,0.0,0.0,4.0,8.0,20983.0,71811.0,0.0,3291.0,0.0,89946.0,122639.0,336512.0,36.0,39605.0,2382958.0,2445013.0,23273.0,1762493.0,3903724.0,662869.0,3516584.0,2189409.0,117066.0,2870.0,95532.0,420.0,187143.0,209643.0,114255.0,250425.0,318402.0,153064.0,27527.0,47865.0,2195733.0,3903725.0,5399933.0,3210524.0,940799.0,0.0,0.0,91215.0,940799.0,940799.0,-1496208.0,1552886.0,1000313.0,1153377.0,1387198.0,97453.0,395213.0,199997.0,360309.0,99487.0,297673.0,1554290.0,71917.0,41789.0,15835.0,110467.0,396199.0,351608.0,399473.0,396199.0,521703.0,297673.0,14388.0,-248300.0,-3447.0,0.0,4.0,3152.0,63.0,0.0,3960.0,25.0,-19.0,0.0,0.0,14.0,0.2,-0.45,3.94,11.79,60.0,0.0,95730.0,653838.0,199780.0,0.0,403129.0,0.0,0.0,-6930.0,0.0,0.0,-0.4,369099.0,17398.0,5237.0,0.0,54.0,11189.0,109.0,15477.0,-1.73,79266.0,39633.0,14994.0,6086.0,42.0
2023-08-01,12.0,22.0,-5.91,0.009999999999999998,8.18,-0.22000000000000003,-7.96,13857.0,75904.0,934236.0,118422.0,310785.0,19726.0,424810.0,27010.0,40405.0,51946.0,7850.0,-4967.0,136368.0,1112.0,44606.0,348.15,2.0,4.0,1341032.0,0.0,41.77,-2.0,34807.0,0.0,31.72,27757.0,-1.82,-1.3299999999999998,38.809999999999995,16976.0,-0.14,126.5,32.0,0.0,115472.0,0.0,0.0,10851.0,132196.0,14.0,489.0,10.0,0.0,18831.0,28076.0,0.0,1122.0,8332.0,94510.0,58472.0,476123.0,0.0,12010.0,138.0,52638.0,204.0,0.0,77687.0,-18903.0,21354.0,-8180.0,5806.0,8268.0,562.0,0.0,111984.0,4.0,-3.51,4708.0,599.0,267240.0,53422.0,0.0,1.0,1.0,5984.0,0.0,7944.0,9236.0,0.0,0.0,0.0,0.0,0.0,48944.0,29452.0,0.0,68053.0,203011.0,59.0,9129.0,63971.0,7442.0,0.56,4336.0,704.0,395.0,394.0,197.42,11.16,6176.0,0.0,0.0,0.0,153.0,120.0,56151.0,14739.0,30545.0,50408.0,34924.0,972.0,8000.0,0.0,0.0,-299605.0,27025.0,41910.0,8.0,0.0,0.0,107189.0,15324.0,14509.0,22509.0,350785.0,51903.0,51901.0,51903.0,431149.0,0.0,0.11,6.98,118861.0,13857.0,-0.05,0.0,0.0,1534996.0,266872.0,2077547.0,0.0,3.0,758333.0,0.0,0.0,0.0,10.27,1300.0,85266.0,-114135.0,26422.0,49447.0,43250.0,86500.0,200404.0,2104846.0,1128.0,20694.0,-960.0,12.0,227769.0,353809.0,4574.0,0.0,390086.0,-1.09,2.0,8538.0,46708.0,215858.0,22129.0,16163.0,38125.0,17076.0,500.0,0.0,359007.0,0.0,17.18,53253.75,6054.0,0.0,-1.26,2.66,126483.0,77384.0,3000.0,3421.0,-1726817.0,0.0,100492.0,46272.0,100058.0,39630.0,39630.0,10.0,-4.209999999999999,-319.59000000000003,0.0,0.0,4.0,8.0,39278.0,90255.0,0.0,2127.0,0.0,91318.0,141232.0,310080.0,42.0,41094.0,2584149.0,2658191.0,22509.0,1766240.0,4121042.0,592095.0,3732715.0,2391683.0,122151.0,7097.0,95082.0,5876.0,187923.0,211418.0,115704.0,236274.0,290670.0,133436.0,23354.0,42562.0,2350464.0,4121044.0,5564942.0,3173259.0,927216.0,107189.0,0.0,93373.0,927216.0,820027.0,-1443898.0,1554864.0,1010990.0,1144426.0,1534996.0,87916.0,343322.0,200404.0,359007.0,97318.0,431149.0,1589733.0,73901.0,83295.0,21861.0,114420.0,397442.0,367834.0,410396.0,397442.0,524861.0,431149.0,9596.0,-248953.0,-6115.0,0.0,4.0,2776.0,66.0,0.0,2800.0,25.0,17.0,-500.0,0.0,10.0,-0.13,0.27,4.04,12.15,62.0,0.0,85124.0,669506.0,252085.0,0.0,400810.0,23251.0,0.0,-22788.0,-3831.0,0.0,0.05,773646.0,40503.0,2641.0,0.0,37.0,7573.0,109.0,21563.0,4.29,74228.0,37114.0,19499.0,7222.0,50.0
2023-09-01,16.0,20.0,-2.24,-1.1800000000000002,-7.42,6.86,0.56,-51896.0,97546.0,595521.0,97440.0,378384.0,14450.0,189595.0,32734.0,40405.0,51946.0,9418.0,57255.0,115671.0,1152.0,13020.0,-380.79,2.0,4.0,1289136.0,0.0,98.2,6.0,34807.0,0.0,7.92,27757.0,-278.02,-201.46,-81.94,5363.110000000001,0.02,104.83,30.0,0.0,160263.0,0.0,0.0,3444.0,110092.0,14.0,489.0,10.0,0.0,18831.0,30744.0,0.0,5664.0,8748.0,111586.0,62534.0,354218.0,0.0,12010.0,138.0,41284.0,15980.0,0.0,62069.0,-21329.0,12060.0,-11084.0,234.0,2614.0,1386.0,0.0,68313.0,3.0,-7.989999999999999,8854.0,0.0,267240.0,53422.0,0.0,1.0,1.0,5984.0,0.0,13305.0,15582.0,0.0,0.0,0.0,0.0,0.0,21340.0,28708.0,0.0,68053.0,203011.0,56.0,9094.0,133287.0,3518.0,0.30000000000000004,-5492.0,704.0,337.0,337.0,111.11,-29.419999999999998,6174.0,0.0,0.0,0.0,14340.0,120.0,49977.0,22044.0,30545.0,50408.0,34924.0,1786.0,8000.0,0.0,0.0,832725.0,27025.0,41910.0,8.0,398.0,3.0,0.0,7778.0,2118.0,10118.0,228404.0,30482.0,30488.0,30482.0,354106.0,0.0,-0.64,-0.22999999999999998,-106270.0,-51896.0,0.11,0.0,53878.0,1115776.0,236216.0,1555359.0,0.0,4.0,750000.0,0.0,0.0,0.0,-10.91,1546.0,85266.0,-114135.0,13690.0,35650.0,78500.0,157000.0,200406.0,2068877.0,3043.0,24744.0,2418.0,7.0,142454.0,533724.0,5576.0,0.0,514720.0,1.13,2.0,7292.0,47128.0,216567.0,22129.0,38959.0,30926.0,20394.0,700.0,0.0,352391.0,0.0,-7.970000000000001,-11310.86,7964.0,0.0,-0.61,-68.24000000000001,37906.0,77232.0,1982.0,6786.0,-1726817.0,30512.0,88364.0,51935.0,119165.0,58727.0,58727.0,9.0,107.84,571.19,0.0,0.0,4.0,8.0,60196.0,107299.0,0.0,0.0,0.0,77082.0,154401.0,272006.0,31.0,36135.0,2234072.0,2128315.0,10118.0,1522081.0,3604654.0,515181.0,3216325.0,1927189.0,95648.0,1999.0,79315.0,1444.0,187923.0,200851.0,97063.0,215183.0,273761.0,118108.0,23564.0,55007.0,1994647.0,3604655.0,5018072.0,3090883.0,782382.0,0.0,0.0,78619.0,782382.0,782382.0,-1413417.0,1321261.0,839222.0,957330.0,1169654.0,83434.0,346266.0,200406.0,352391.0,105938.0,354106.0,1343298.0,82309.0,40069.0,12713.0,95215.0,360473.0,308893.0,363900.0,360473.0,508515.0,354106.0,8468.0,-248893.0,-2311.0,0.0,4.0,2068.0,39.0,0.0,1167.0,25.0,1.0,0.0,0.0,9.0,-0.09,0.23,1.64,4.89,54.0,0.0,110014.0,501964.0,304104.0,0.0,382020.0,0.0,0.0,-21547.0,0.0,0.0,0.49,350013.0,90467.0,1150.0,0.0,3380.0,6763.0,109.0,14886.0,-1.58,94402.0,47202.0,30165.0,10134.0,39.0
2023-10-01,20.0,21.0,-5.07,1.4000000000000001,38.120000000000005,-30.35,-7.76,-34277.0,103360.0,721461.0,90978.0,158685.0,15720.0,234175.0,33309.0,40405.0,51946.0,4204.0,96349.0,119554.0,1140.0,16038.0,-47.26,2.0,4.0,1254859.0,0.0,124.95,-9.0,34807.0,0.0,8.02,27757.0,0.1200000000000005,-0.01999999999999979,123.4,38911.19,-0.07,249.87,32.0,0.0,69572.0,0.0,0.0,0.0,54598.0,14.0,489.0,10.0,1720.0,18831.0,32014.0,0.0,1728.0,8768.0,51190.0,44146.0,272558.0,0.0,12010.0,145.0,76044.0,28215.0,0.0,44390.0,10320.0,16816.0,-12224.0,1918.0,17522.0,4750.0,0.0,101177.0,6.0,381.46000000000004,7124.0,0.0,267240.0,53422.0,0.0,1.0,1.0,5984.0,0.0,1350.0,6048.0,0.0,0.0,0.0,95.0,95.0,9392.0,29454.0,0.0,68053.0,203011.0,32.0,9074.0,133216.0,1970.0,-0.16,3032.0,16800.0,12077.0,45105.0,65081.78,38.62,6174.0,0.0,0.0,0.0,10570.0,135.0,60903.0,16405.0,30545.0,50408.0,34924.0,2426.0,8000.0,0.0,0.0,-293535.0,27025.0,41910.0,8.0,408.0,4.0,116457.0,15260.0,4065.0,12065.0,452193.0,39429.0,39420.0,39429.0,544120.0,0.0,0.26,3.04,104919.0,-34277.0,-0.06,0.0,83939.0,1219928.0,159204.0,1726741.0,0.0,3.0,741666.0,0.0,39454.0,0.0,5.08,1560.0,85266.0,-114135.0,17092.0,29011.0,55000.0,110000.0,200403.0,2017287.0,756.0,25096.0,1496.0,7.0,146687.0,203450.0,6296.0,0.0,641670.0,31.97,2.0,11604.0,58994.0,217701.0,22129.0,54753.0,12296.0,12876.0,700.0,0.0,345563.0,0.0,43.08,57267.61,6588.0,0.0,0.25,92.62,1.0,74744.0,6630.0,3391.0,-1726817.0,30512.0,61552.0,41093.0,94863.0,36142.0,36142.0,7.0,-144.8,-157.46,0.0,0.0,4.0,8.0,54296.0,111324.0,0.0,10202.0,0.0,97978.0,168352.0,258221.0,25.0,32620.0,2352494.0,2309235.0,12065.0,1260704.0,3710191.0,342830.0,3321865.0,2067006.0,59433.0,7335.0,47279.0,2865.0,187923.0,237708.0,92183.0,189307.0,253231.0,79602.0,29497.0,46154.0,2089351.0,3710192.0,5084180.0,3017174.0,567757.0,116457.0,0.0,105486.0,567757.0,451300.0,-1373988.0,1023021.0,594853.0,674455.0,1303867.0,68166.0,285608.0,200403.0,345563.0,119854.0,544121.0,1125393.0,90291.0,69755.0,14227.0,118195.0,338352.0,302387.0,348541.0,338352.0,452068.0,544120.0,-29028.0,-249785.0,-23821.0,0.0,4.0,2280.0,45.0,0.0,0.0,25.0,0.0,0.0,0.0,7.0,-0.26,0.74,0.21000000000000008,0.6699999999999999,55.0,0.0,92308.0,474984.0,279965.0,0.0,354787.0,0.0,0.0,-16435.0,0.0,0.0,-0.56,1021257.0,51700.0,3308.0,0.0,6320.0,4329.0,109.0,13819.0,0.6,73854.0,36928.0,34781.0,9816.0,39.0
2023-11-01,24.0,22.0,0.14,-2.2399999999999998,-19.299999999999997,23.189999999999998,-3.9,-36616.0,103825.0,867643.0,72469.0,180439.0,16376.0,90144.0,22602.0,40405.0,51946.0,7530.0,75642.0,124367.0,1199.0,45670.0,-3111.0,2.0,4.0,1218243.0,0.0,151.7,8.0,34807.0,0.0,16.34,27757.0,0.13999999999999985,0.12000000000000005,-31.14,46720.880000000005,0.33,408.62,34.0,0.0,73305.0,0.0,0.0,13844.0,43519.0,14.0,489.0,10.0,0.0,18831.0,33124.0,0.0,7950.0,8768.0,64058.0,52734.0,281644.0,0.0,12010.0,145.0,110341.0,38685.0,0.0,-23598.0,26076.0,33862.0,-31138.0,50.0,7542.0,988.0,0.0,37116.0,5.0,-240.45,7688.0,0.0,267240.0,53422.0,0.0,1.0,1.0,5984.0,0.0,6450.0,13336.0,0.0,0.0,0.0,0.0,0.0,34146.0,22906.0,292.0,68053.0,203011.0,49.0,9034.0,148150.0,6158.0,3.42,3056.0,64000.0,23356.0,66665.0,52080.82,-14.3,6174.0,0.0,0.0,0.0,25500.0,135.0,123808.0,46741.0,30545.0,50408.0,34924.0,1136.0,8000.0,0.0,0.0,-98344.0,27025.0,41910.0,8.0,3524.0,2.0,52291.0,12156.0,5225.0,13225.0,330098.0,14456.0,14464.0,14456.0,407794.0,14477.0,0.21,-0.8300000000000001,-13489.0,-36616.0,-0.02,0.0,44104.0,1325981.0,108490.0,1708534.0,0.0,5.0,733333.0,0.0,39454.0,0.0,34.96,1054.0,85266.0,-114135.0,7252.0,18407.0,42000.0,84000.0,200404.0,2011290.0,2713.0,24412.0,1994.0,8.0,50855.0,166003.0,5804.0,0.0,716902.0,19.009999999999998,2.0,19008.0,77046.0,189566.0,22129.0,71637.0,6238.0,14452.0,700.0,182.0,345563.0,0.0,-56.12,-33265.05,34086.0,0.0,-3.76,52.44,36821.0,85096.0,3572.0,5254.0,-1726817.0,30512.0,97898.0,47893.0,108765.0,28402.0,28402.0,7.0,107.05000000000001,-40.349999999999994,0.0,0.0,4.0,8.0,32537.0,94528.0,0.0,2819.0,0.0,168450.0,156520.0,221480.0,21.0,30800.0,2438013.0,2291354.0,13225.0,1110813.0,3666619.0,355649.0,3278292.0,2060049.0,45048.0,9500.0,37439.0,7159.0,187923.0,365181.0,121281.0,254857.0,301935.0,54245.0,38523.0,40717.0,2169286.0,3666620.0,5026152.0,2966103.0,343071.0,52291.0,0.0,178414.0,343071.0,290780.0,-1359532.0,745653.0,371305.0,425550.0,1370085.0,96672.0,336270.0,200404.0,345563.0,172611.0,407794.0,1001511.0,134025.0,95733.0,25849.0,193038.0,303436.0,279365.0,320082.0,303436.0,484990.0,407794.0,0.0,-249767.0,-21791.0,0.0,4.0,2208.0,39.0,0.0,614.0,25.0,1.0,0.0,0.0,7.0,0.14,-0.42,2.86,8.55,37.0,0.0,81434.0,553671.0,268705.0,0.0,320419.0,0.0,0.0,-16983.0,0.0,0.0,1.67,700257.0,33415.0,0.0,0.0,2480.0,5190.0,109.0,9181.0,-2.5700000000000003,71394.0,35696.0,28175.0,5620.0,25.0
2023-12-01,28.0,19.0,0.81,-0.48000000000000004,-10.1,12.65,-2.5599999999999996,-39720.0,91431.0,1022388.0,81633.0,397847.0,13869.0,232287.0,19482.0,40405.0,51946.0,9352.0,118375.0,127323.0,1245.0,40514.0,4146.22,2.0,4.0,1178523.0,0.0,178.45,-1.0,34807.0,0.0,8.82,27757.0,-0.20000000000000004,-0.15000000000000002,54.12,-9830.6,0.08,-120.4,60.0,0.0,77987.0,0.0,0.0,0.0,66378.0,14.0,489.0,10.0,5924.0,18831.0,15770.0,0.0,3458.0,4384.0,85484.0,55048.0,501875.0,0.0,12010.0,145.0,60968.0,23145.0,11980.0,-20498.0,22882.0,16980.0,0.0,2342.0,18874.0,0.0,0.0,121201.0,7.0,6809.9400000000005,8260.0,0.0,267240.0,53422.0,0.0,1.0,1.0,5984.0,0.0,17943.0,11171.0,0.0,0.0,0.0,0.0,0.0,32204.0,21206.0,0.0,68053.0,203011.0,98.0,8965.0,62067.0,2872.0,-3.58,1960.0,608.0,187.0,41754.0,-5339.0999999999985,16.15,6176.0,0.0,0.0,0.0,17859.0,135.0,80379.0,33291.0,30545.0,50408.0,34924.0,3474.0,8000.0,0.0,0.0,-1011628.0,27025.0,41910.0,8.0,950.0,0.0,48976.0,22742.0,2765.0,10765.0,196303.0,11958.0,11957.0,11958.0,258116.0,14477.0,0.72,2.87,-536.0,-39720.0,-0.15,0.0,-849.0,1730426.0,131374.0,2147723.0,0.0,6.0,725000.0,0.0,39454.0,0.0,-25.64,1092.0,85266.0,-114135.0,10414.0,21609.0,27250.0,54500.0,200403.0,2009790.0,8058.0,8472.0,3672.0,11.0,50208.0,179514.0,3904.0,0.0,730314.0,-8.39,2.0,11430.0,51638.0,181094.0,22129.0,87516.0,-15317.0,11484.0,700.0,0.0,345563.0,0.0,-5.82,9024.3,10302.0,0.0,4.06,79.75,3.0,0.0,1370.0,3298.0,-1726817.0,30512.0,9506.0,38260.0,77968.0,43565.0,43565.0,7.0,-125.38,-73.03,0.0,0.0,4.0,8.0,43861.0,97972.0,0.0,11009.0,0.0,100546.0,152084.0,179634.0,22.0,28891.0,2968844.0,3055466.0,10765.0,1105123.0,4274574.0,580562.0,3886248.0,2707725.0,59654.0,7241.0,49882.0,3766.0,187923.0,231102.0,85185.0,163991.0,219618.0,65687.0,25819.0,27566.0,2702005.0,4274575.0,5622149.0,2914424.0,399882.0,48976.0,0.0,107539.0,399882.0,350906.0,-1347574.0,874043.0,443722.0,509409.0,1729577.0,53210.0,283096.0,200403.0,345563.0,109850.0,258118.0,1006801.0,83987.0,99294.0,24148.0,121547.0,353618.0,337046.0,364612.0,353618.0,653184.0,258116.0,0.0,-250285.0,-30071.0,0.0,4.0,2444.0,27.0,0.0,0.0,25.0,1.0,0.0,0.0,7.0,0.65,-1.4,2.1799999999999997,6.53,37.0,0.0,55132.0,985656.0,296874.0,0.0,378455.0,0.0,0.0,-24837.0,0.0,0.0,-0.37,277047.0,20689.0,0.0,0.0,750.0,1953.0,109.0,3107.0,-0.33,69128.0,34565.0,14905.0,4559.0,29.0
2024-01-01,8.0,22.0,-1.04,1.82,82.14,108.46,9.38,822308.0,87224.0,2161883.0,73756.0,483241.0,18327.0,280340.0,21014.0,0.0,0.0,9494.0,3768.0,173437.0,152.0,38806.0,-184.22,4.0,4.0,822308.0,0.0,53.7,0.0,36478.0,0.0,83.4,26086.0,293.3,202.28,532.78,29036.0,1.32,218.0,80.0,0.0,72650.0,0.0,0.0,1912.0,24300.0,16.0,342.0,10.0,5244.0,18978.0,53732.0,0.0,10210.0,13156.0,62720.0,108740.0,611496.0,100000.0,10010.0,145.0,52950.0,198.0,0.0,40976.0,-53796.0,18316.0,-3500.0,0.0,10434.0,2656.0,0.0,162118.0,11.0,139.2,9726.0,0.0,272640.0,53422.0,0.0,1.0,1.0,0.0,0.0,13536.0,1340.0,0.0,15909.0,0.0,0.0,0.0,111576.0,24650.0,0.0,56428.0,216636.0,28.0,8945.0,3988.0,2218.0,4.3,2544.0,704.0,158.0,490.0,490.0,3.68,6736.0,0.0,0.0,0.0,269.0,135.0,88203.0,41336.0,13466.0,0.0,0.0,4394.0,8000.0,0.0,0.0,-7283942.0,0.0,0.0,8.0,1396.0,1.0,45668.0,12078.0,11838.0,19838.0,184438.0,13428.0,13428.0,13428.0,253070.0,0.0,3.59,9.5,-78215.0,822308.0,1.18,0.0,21798.0,2768260.0,156612.0,3567694.0,0.0,2.0,656666.0,0.0,0.0,0.0,212.66,3838.0,85266.0,-15300.0,32583.0,47419.0,31250.0,62500.0,199997.0,1822980.0,3024.0,45510.0,788.0,21.0,317750.0,244526.0,20712.0,0.0,920789.0,65.82,2.0,6231.0,46504.0,174597.0,22545.0,100915.0,-9363.0,21854.0,700.0,184.0,355623.0,133.33,44.88,26856.0,7776.0,0.0,12.05,350.98,74383.0,100000.0,1414.0,5527.0,-1313850.0,0.0,110694.0,76529.0,195893.0,-8637.0,-8637.0,15.0,316.14,939.28,0.0,0.0,4.0,10.0,42754.0,92001.0,0.0,34932.0,0.0,119948.0,141248.0,3584.0,38.0,34117.0,4060066.0,4931016.0,19838.0,1712969.0,5836982.0,684846.0,5476472.0,4654164.0,60487.0,30018.0,45110.0,22711.0,160513.0,238229.0,160438.0,345378.0,297835.0,78306.0,23252.0,76329.0,4182933.0,5836982.0,7137394.0,2483230.0,844413.0,45668.0,0.0,128433.0,844413.0,798745.0,-1300412.0,1474778.0,871685.0,949991.0,2790058.0,137022.0,351520.0,199997.0,355623.0,96016.0,253070.0,1557398.0,72713.0,104455.0,18245.0,142553.0,472039.0,448420.0,524749.0,472039.0,1056075.0,253070.0,0.0,-221514.0,-34663.0,0.0,4.0,4292.0,78.0,0.0,986.0,28.0,5.0,0.0,0.0,15.0,2.9,4.14,5.42,12.66,90.0,0.0,152658.0,1359516.0,639378.0,0.0,497291.0,0.0,0.0,-25252.0,0.0,0.0,2.0,263775.0,133288.0,0.0,0.0,23.0,5568.0,114.0,7993.0,3.78,74764.0,37382.0,12631.0,9773.0,46.0
2024-02-01,12.0,20.0,-0.04,-1.45,-31.36,27.22,4.16,-174403.0,87224.0,1342777.0,76872.0,1021521.0,18327.0,657523.0,21014.0,0.0,0.0,9452.0,12823.0,150127.0,170.0,19258.0,-468.74,4.0,4.0,647905.0,0.0,35.51,2.0,36478.0,0.0,29.970000000000002,26086.0,-0.06,-0.04,-176.23000000000002,-2167.0,0.4,56.5,74.0,0.0,-127641.0,0.0,0.0,8071.0,11033.0,16.0,342.0,10.0,3926.0,18978.0,49198.0,0.0,10618.0,20768.0,94752.0,74180.0,485001.0,0.0,9500.0,145.0,28757.0,107.0,0.0,28917.0,-33553.0,19210.0,-20000.0,12288.0,6750.0,2652.0,0.0,108656.0,10.0,0.36,9010.0,0.0,272640.0,53422.0,0.0,1.0,1.0,-9005.0,0.0,6444.0,7174.0,0.0,11869.0,0.0,0.0,0.0,43798.0,30052.0,0.0,56428.0,216636.0,16.0,8935.0,2288.0,3632.0,-0.38,8148.0,640.0,452.0,447.0,191.25,-34.5,6172.0,0.0,0.0,0.0,310.0,135.0,89515.0,32676.0,21716.0,0.0,0.0,2568.0,8000.0,0.0,20000.0,-486001.0,0.0,0.0,8.0,0.0,0.0,27652.0,11926.0,-6483.0,1517.0,308643.0,-803.0,-801.0,-803.0,374365.0,0.0,0.2,6.0,-35271.0,-174403.0,-0.04,0.0,0.0,2918858.0,166734.0,3737015.0,0.0,3.0,716133.0,0.0,0.0,0.0,-47.19,2752.0,85266.0,-15300.0,15043.0,38818.0,26750.0,53500.0,199999.0,1466467.0,2585.0,-28222.0,832.0,27.0,496988.0,70495.0,7172.0,0.0,957219.0,8.38,2.0,4641.0,39608.0,177193.0,22545.0,107290.0,19789.0,27426.0,700.0,184.0,354295.0,0.0,71.14,-22149.5,10740.0,0.0,1.17,-45.22,158926.0,104000.0,300.0,9884.0,-1313850.0,0.0,118620.0,46703.0,125727.0,43343.0,43343.0,19.0,742.79,147.48,0.0,0.0,4.0,10.0,38229.0,86825.0,0.0,8891.0,0.0,106242.0,135421.0,127032.0,47.0,36438.0,4195214.0,5013123.0,1517.0,1752919.0,5773770.0,358060.0,5413258.0,4765353.0,39366.0,16816.0,32660.0,12000.0,160513.0,218142.0,121790.0,271350.0,290716.0,83367.0,19804.0,81303.0,4326538.0,5773771.0,7074985.0,2309632.0,862690.0,27652.0,0.0,111565.0,862690.0,835038.0,-1301214.0,1534824.0,851328.0,934695.0,2918858.0,106478.0,373348.0,199999.0,354295.0,86127.0,374365.0,1594257.0,66284.0,82198.0,19892.0,132348.0,571292.0,518779.0,600082.0,571292.0,1060061.0,374365.0,0.0,-221366.0,-33181.0,0.0,4.0,3324.0,70.0,0.0,0.0,28.0,1.0,0.0,556.0,19.0,-0.24,0.37,5.220000000000001,12.18,80.0,0.0,162606.0,1412144.0,601711.0,0.0,596737.0,0.0,0.0,-25445.0,0.0,0.0,0.48,659010.0,149864.0,0.0,0.0,30.0,6746.0,114.0,6644.0,-1.32,77944.0,38972.0,16244.0,15985.0,55.0
2024-03-01,16.0,20.0,-0.43,0.18,26.54,-27.38,0.85,269823.0,79505.0,1025778.0,80212.0,721632.0,26308.0,1205542.0,18488.0,0.0,0.0,8080.0,26884.0,155421.0,-37.0,21952.0,931.62,4.0,4.0,917728.0,0.0,22.28,3.0,36478.0,0.0,19.52,26086.0,-3.69,-2.56,88.31,-3103.67,-0.66,150.17000000000002,114.0,19.0,-269952.0,0.0,0.0,0.0,21340.0,12.0,342.0,10.0,340.0,18978.0,17996.0,0.0,3756.0,6920.0,78790.0,60624.0,684918.0,0.0,9500.0,145.0,44488.0,169.0,0.0,-3429.0,-11081.0,21090.0,-3224.0,16480.0,10234.0,12012.0,0.0,77014.0,9.0,1.9,8550.0,599.0,272640.0,53422.0,0.0,1.0,1.0,-9005.0,0.0,8487.0,4328.0,0.0,6907.0,0.0,0.0,0.0,24152.0,41906.0,542.0,56428.0,216636.0,0.0,8935.0,13847.0,4804.0,-0.18,8612.0,640.0,457.0,456.0,-221.07999999999998,31.87,6176.0,0.0,0.0,0.0,254.0,135.0,74226.0,34909.0,21716.0,0.0,0.0,2508.0,8000.0,0.0,0.0,-105457.0,3253.0,0.0,8.0,0.0,0.0,0.0,12902.0,2449.0,10468.0,143546.0,3210.0,3213.0,3210.0,220879.0,0.0,-0.01,3.17,118221.0,269823.0,0.05,0.0,0.0,2961015.0,145172.0,3706279.0,0.0,4.0,707800.0,0.0,0.0,0.0,-15.61,1302.0,85266.0,-15300.0,31119.0,26396.0,34500.0,69000.0,199998.0,1617741.0,2919.0,13102.0,4462.0,34.0,452149.0,316766.0,7520.0,0.0,1169177.0,8.46,2.0,4385.0,37976.0,178713.0,22545.0,114974.0,-7174.0,20854.0,700.0,0.0,611263.0,66.67,9.17,12270.17,9352.0,0.0,0.6300000000000001,-70.82,36080.0,104000.0,0.0,5921.0,-1313850.0,0.0,118788.0,46143.0,93739.0,65582.0,65582.0,0.0,-722.01,-187.76,0.0,0.0,4.0,10.0,34623.0,75635.0,0.0,23538.0,0.0,106132.0,116648.0,250703.0,43.0,36306.0,4342632.0,5073647.0,10468.0,1800594.0,6083907.0,415666.0,5723396.0,4805668.0,47654.0,17648.0,35485.0,12781.0,160513.0,212387.0,116011.0,232643.0,285720.0,72586.0,18988.0,88014.0,4475586.0,6083908.0,7381912.0,2576244.0,881989.0,0.0,0.0,113507.0,881989.0,881989.0,-1298004.0,1588250.0,892524.0,965110.0,2961015.0,83135.0,396683.0,199998.0,611263.0,83714.0,220881.0,1643591.0,64682.0,72088.0,17896.0,129016.0,592693.0,535083.0,623097.0,592693.0,1160993.0,220879.0,0.0,-219500.0,-40451.0,0.0,8.0,2328.0,55.0,0.0,0.0,28.0,1.0,0.0,0.0,0.0,0.15,-0.24,3.17,7.38,66.0,0.0,176028.0,1544839.0,723617.0,0.0,612884.0,0.0,0.0,-20191.0,0.0,0.0,0.3,195243.0,68100.0,0.0,0.0,33.0,7715.0,114.0,12690.0,1.9,85668.0,42835.0,9968.0,7614.0,52.0
2024-04-01,20.0,21.0,-0.73,0.30000000000000004,44.98,-39.43,-5.57,-43084.0,59160.0,837289.0,88527.0,703327.0,28212.0,645078.0,29087.0,7903.0,0.0,9070.0,45332.0,157900.0,251.0,31064.0,-240.85000000000002,4.0,4.0,874644.0,0.0,26.63,-4.0,36478.0,0.0,48.82,26086.0,17.78,12.28,26.18,36494.75,-0.12,352.83,92.0,0.0,-202095.0,0.0,0.0,601.0,8381.0,12.0,342.0,10.0,3404.0,18978.0,30834.0,0.0,7360.0,13848.0,74894.0,73814.0,531269.0,0.0,9000.0,145.0,86431.0,305.0,0.0,8292.0,-19122.0,21524.0,0.0,1590.0,9456.0,1950.0,0.0,122381.0,7.0,8.32,4698.0,0.0,272640.0,53422.0,0.0,2.0,2.0,-9005.0,0.0,7710.0,0.0,0.0,11727.0,0.0,0.0,0.0,37972.0,48856.0,1076.0,56428.0,216636.0,278.0,8845.0,56442.0,3380.0,-0.62,5884.0,672.0,518.0,522.0,366.58,6.39,7076.0,0.0,0.0,0.0,189.0,135.0,69387.0,23096.0,21716.0,0.0,0.0,1178.0,8000.0,0.0,20000.0,-58031.0,3253.0,0.0,8.0,0.0,0.0,64157.0,15204.0,5262.0,13262.0,194733.0,7851.0,7847.0,7851.0,288096.0,0.0,-0.08,15.08,-80085.0,-43084.0,-0.01,0.0,0.0,2978901.0,142354.0,3705676.0,0.0,5.0,699466.0,0.0,0.0,0.0,13.7,2732.0,85266.0,-15300.0,42763.0,18020.0,49875.0,99750.0,199999.0,1592241.0,1299.0,21034.0,-762.0,38.0,314814.0,381996.0,3400.0,0.0,1946558.0,-2.24,2.0,8098.0,36398.0,179175.0,22545.0,122407.0,-10858.0,24144.0,700.0,184.0,609263.0,-33.33,11.57,16489.83,15252.0,0.0,2.64,-15.14,73838.0,104000.0,4322.0,5434.0,-1313850.0,0.0,121282.0,53886.0,130916.0,52285.0,52285.0,13.0,-1.4799999999999969,-116.88,0.0,0.0,3.0,7.0,23157.0,72006.0,0.0,32432.0,0.0,132804.0,120856.0,233603.0,52.0,36245.0,4361129.0,5072548.0,13262.0,1926269.0,6080883.0,329874.0,5720371.0,4845727.0,41095.0,26263.0,28023.0,18471.0,160513.0,231571.0,137331.0,283517.0,323696.0,71177.0,18199.0,101516.0,4493136.0,6080884.0,7371037.0,2525310.0,957171.0,64157.0,0.0,139783.0,957171.0,893014.0,-1290153.0,1694750.0,955091.0,1026268.0,2978901.0,103723.0,421695.0,199999.0,609263.0,75740.0,288098.0,1758445.0,57500.0,97749.0,17015.0,156236.0,623727.0,566914.0,668430.0,623727.0,1153233.0,288096.0,0.0,-219500.0,-37605.0,0.0,6.0,2924.0,70.0,0.0,0.0,26.0,1.0,0.0,0.0,13.0,-0.09,0.15,13.739999999999998,36.660000000000004,78.0,0.0,203032.0,1512496.0,689882.0,0.0,651789.0,0.0,0.0,-28062.0,0.0,0.0,0.18,360468.0,105495.0,0.0,0.0,28.0,5835.0,114.0,8238.0,-0.54,86978.0,43490.0,7705.0,7960.0,60.0
2024-05-01,24.0,22.0,-1.81,1.11,-5.9,3.2500000000000004,2.66,4818.0,84422.0,1411322.0,118012.0,792083.0,110148.0,512147.0,26091.0,7903.0,0.0,16408.0,39745.0,167213.0,295.0,24198.0,-1490.59,4.0,4.0,879462.0,0.0,26.68,2.0,36478.0,0.0,20.38,26086.0,-9.69,-6.6899999999999995,9.02,12358.58,0.37,148.1,82.0,0.0,-422376.0,0.0,0.0,172.0,14924.0,12.0,342.0,10.0,4120.0,18978.0,81110.0,0.0,18150.0,27692.0,94352.0,119916.0,392271.0,0.0,0.0,145.0,82654.0,300.0,0.0,53052.0,-58612.0,25066.0,-46602.0,37028.0,11740.0,74.0,0.0,0.0,10.0,-0.18000000000000016,324.0,0.0,272640.0,53422.0,0.0,2.0,2.0,-9005.0,0.0,4326.0,1694.0,0.0,7221.0,0.0,0.0,0.0,37488.0,48528.0,0.0,56428.0,216636.0,32.0,8825.0,10159.0,9314.0,1.37,6440.0,704.0,538.0,539.0,186.98999999999998,1.2,7080.0,0.0,0.0,0.0,204.0,135.0,79697.0,28716.0,21716.0,0.0,0.0,1590.0,8000.0,0.0,0.0,-690494.0,3253.0,20947.0,8.0,2068.0,0.0,0.0,15256.0,15692.0,23692.0,421700.0,20910.0,20912.0,20910.0,581581.0,0.0,0.19,4.109999999999999,-38632.0,4818.0,-0.01,0.0,0.0,3176631.0,228744.0,4019598.0,0.0,6.0,691133.0,0.0,0.0,0.0,5.78,1594.0,85266.0,-15300.0,27667.0,10212.0,118250.0,236500.0,199999.0,1650425.0,259.0,29742.0,198.0,31.0,136231.0,912494.0,7060.0,0.0,1811288.0,-16.59,2.0,9522.0,44026.0,184377.0,22545.0,128657.0,53317.0,38476.0,700.0,0.0,575465.0,0.0,2.84,44030.3,10050.0,0.0,-5.03,95.35,9.0,100000.0,5160.0,11426.0,-1313850.0,0.0,118680.0,92452.0,239366.0,52971.0,52971.0,15.0,308.56,-51.16,0.0,0.0,3.0,7.0,35362.0,83544.0,0.0,26564.0,0.0,132960.0,131726.0,167660.0,37.0,38866.0,4910351.0,5325237.0,23692.0,1846039.0,6396477.0,-29405.0,6035965.0,5156503.0,33594.0,21982.0,20866.0,11951.0,160513.0,262219.0,167407.0,387147.0,393948.0,114372.0,22013.0,124603.0,4908324.0,6396478.0,7665721.0,2509218.0,1048708.0,0.0,0.0,140192.0,1048708.0,1048708.0,-1269243.0,1583857.0,988778.0,1103150.0,3176631.0,147105.0,513391.0,199999.0,575465.0,102636.0,581581.0,1611723.0,80574.0,84770.0,19286.0,159993.0,446756.0,356067.0,480670.0,446756.0,1350085.0,581581.0,0.0,-219500.0,2590.0,0.0,6.0,1852.0,64.0,0.0,0.0,26.0,1.0,0.0,0.0,15.0,0.8,-1.01,-0.75,-1.88,68.0,0.0,249206.0,1635718.0,813048.0,0.0,470227.0,0.0,0.0,-23471.0,0.0,0.0,-0.84,1010142.0,0.0,0.0,0.0,35.0,7150.0,114.0,14229.0,1.68,83262.0,41631.0,9175.0,18107.0,42.0
2024-06-01,28.0,20.0,2.6,-3.81,-14.64,9.03,5.619999999999999,-11629.0,54522.0,901452.0,93305.0,1079902.0,35307.0,255373.0,34052.0,7903.0,0.0,8366.0,27527.0,213756.0,357.0,25730.0,1732.78,4.0,4.0,867833.0,0.0,80.14,0.0,36478.0,0.0,27.32,26086.0,-10.719999999999999,-7.39,63.19,-8738.16,0.32,-136.43,112.0,0.0,-274593.0,0.0,0.0,11494.0,27613.0,12.0,342.0,10.0,2788.0,18978.0,37610.0,0.0,10332.0,13844.0,68874.0,63030.0,553992.0,0.0,0.0,145.0,37248.0,142.0,0.0,-45365.0,-30571.0,12756.0,-330.0,17996.0,7298.0,36.0,0.0,38093.0,10.0,-29.52,4208.0,0.0,272640.0,53422.0,0.0,2.0,2.0,-9005.0,0.0,13572.0,6051.0,0.0,18574.0,0.0,0.0,0.0,22798.0,52932.0,190.0,56428.0,216636.0,46.0,8795.0,44730.0,10444.0,-1.55,576.0,640.0,322.0,324.0,-26.070000000000007,19.369999999999997,0.0,0.0,0.0,0.0,152.0,135.0,44568.0,16136.0,21716.0,0.0,-28162.0,2342.0,8000.0,0.0,0.0,264295.0,3253.0,20947.0,8.0,3000.0,2.0,0.0,13878.0,1772.0,9772.0,222914.0,-28196.0,-28196.0,-28196.0,403232.0,0.0,-0.23,6.08,-75737.0,-11629.0,0.0,0.0,40213.0,2952494.0,140162.0,3874263.0,0.0,7.0,682800.0,0.0,0.0,0.0,6.18,2154.0,85266.0,-15300.0,30913.0,20015.0,137250.0,274500.0,199999.0,1675325.0,357.0,14824.0,1258.0,24.0,240049.0,525776.0,3548.0,0.0,2117501.0,-2.1,2.0,5852.0,35326.0,191286.0,22545.0,135147.0,54485.0,19872.0,700.0,0.0,595242.0,0.0,-28.169999999999998,-120222.13,4798.0,452.0,5.95,124.93,99372.0,60000.0,2520.0,8070.0,-1313850.0,0.0,63096.0,49433.0,122653.0,60754.0,60754.0,7.0,6.800000000000001,-477.82,0.0,0.0,3.0,7.0,25718.0,80544.0,0.0,5248.0,0.0,65522.0,135371.0,167660.0,34.0,29047.0,4588090.0,5299684.0,9772.0,1575210.0,6397044.0,280099.0,6036532.0,5168699.0,49826.0,20481.0,34724.0,14819.0,160513.0,154116.0,102631.0,224093.0,218909.0,70081.0,17663.0,65643.0,4757958.0,6397045.0,7694484.0,2525785.0,903258.0,0.0,0.0,71307.0,903258.0,903258.0,-1297439.0,1421128.0,917709.0,987790.0,2992707.0,80995.0,367237.0,199999.0,595242.0,75468.0,403233.0,1434997.0,57757.0,77168.0,14374.0,78854.0,398020.0,367661.0,433304.0,398020.0,1361392.0,403232.0,0.0,-219500.0,4148.0,0.0,6.0,2856.0,52.0,0.0,0.0,26.0,1.0,3300.0,0.0,7.0,0.17,-0.16,2.27,5.67,74.0,0.0,131286.0,1742651.0,838405.0,0.0,417198.0,0.0,0.0,-19178.0,0.0,0.0,-0.33999999999999997,413535.0,-35526.0,0.0,0.0,30.0,5994.0,114.0,24229.0,5.5,86138.0,43069.0,4321.0,24540.0,40.0
2024-07-01,32.0,22.0,-1.29,2.93,-26.83,28.130000000000003,-1.3,-12765.0,47579.0,1086208.0,94819.0,733899.0,31199.0,604366.0,41145.0,7903.0,0.0,10688.0,28371.0,157261.0,493.0,27724.0,-2011.31,4.0,4.0,855068.0,0.0,106.87,0.0,36478.0,0.0,48.76,26086.0,-10.58,-7.3,-154.39,18779.59,-0.47000000000000003,345.4,100.0,0.0,-280912.0,0.0,0.0,921.0,36988.0,12.0,342.0,10.0,862.0,18978.0,51324.0,0.0,10680.0,20772.0,92952.0,69660.0,440886.0,0.0,0.0,145.0,59553.0,235.0,0.0,18909.0,-5395.0,21054.0,-55200.0,14878.0,2574.0,82.0,0.0,77734.0,14.0,41.86,3848.0,0.0,272640.0,53422.0,0.0,2.0,2.0,-9005.0,0.0,1389.0,1915.0,0.0,6854.0,0.0,0.0,0.0,49506.0,48772.0,106.0,56428.0,216636.0,0.0,8795.0,24867.0,3312.0,2.46,-4112.0,704.0,630.0,630.0,406.04,-48.68,16056.0,4997.0,0.0,0.0,346.0,135.0,104681.0,46089.0,21716.0,14396.0,-28162.0,2102.0,8000.0,0.0,0.0,-821686.0,3253.0,20947.0,8.0,0.0,3.0,128555.0,16272.0,-412.0,7588.0,394036.0,14345.0,14345.0,14345.0,598398.0,0.0,0.05,16.54,-228618.0,-12765.0,-0.02,0.0,58083.0,3169196.0,199250.0,4385004.0,0.0,8.0,674466.0,0.0,0.0,0.0,-5.58,2348.0,85266.0,-15300.0,29228.0,23227.0,159000.0,318000.0,199999.0,1661775.0,233.0,22134.0,-508.0,20.0,416702.0,610860.0,3450.0,0.0,2225318.0,33.15,2.0,6261.0,47882.0,188799.0,22545.0,136258.0,60245.0,24148.0,700.0,196.0,601027.0,0.0,43.43,97768.19,7342.0,1147.0,-7.9,-213.69,63814.0,100000.0,2400.0,2064.0,-1313850.0,0.0,114344.0,60407.0,152847.0,29660.0,29660.0,17.0,-539.62,533.66,0.0,0.0,3.0,7.0,35325.0,95072.0,0.0,11486.0,0.0,147474.0,154818.0,162434.0,51.0,40001.0,4895605.0,5703831.0,7588.0,2036902.0,6770962.0,160674.0,6410450.0,5555382.0,56478.0,10925.0,39819.0,8328.0,160513.0,299301.0,128946.0,282860.0,316057.0,99625.0,23941.0,45017.0,5050353.0,6770963.0,8054057.0,2498675.0,1297627.0,128555.0,0.0,156915.0,1297627.0,1169072.0,-1283094.0,1737652.0,1294270.0,1393895.0,3227279.0,103073.0,368053.0,199999.0,601027.0,121054.0,598396.0,1899169.0,97036.0,70995.0,13213.0,178711.0,324475.0,298689.0,343706.0,324475.0,1422370.0,598398.0,0.0,-221326.0,1918.0,0.0,6.0,1716.0,77.0,0.0,0.0,26.0,1.0,0.0,3000.0,17.0,0.35,-0.28,6.82,17.04,83.0,0.0,90034.0,1705211.0,893393.0,0.0,344162.0,0.0,0.0,-19687.0,0.0,0.0,-0.26,895506.0,-43039.0,0.0,0.0,49.0,11585.0,114.0,23100.0,-4.7299999999999995,90722.0,45360.0,24403.0,26102.0,59.0
2024-08-01,36.0,21.0,-3.8,1.3,15.71,-21.25,5.54,7231.0,61542.0,837201.0,98793.0,588109.0,10648.0,286224.0,53559.0,7903.0,40024.0,6196.0,37120.0,180176.0,651.0,38096.0,1936.55,4.0,4.0,862299.0,0.0,133.6,-1.0,36478.0,0.0,30.270000000000003,26086.0,13.2,9.1,50.97,7233.07,0.33,59.3,110.0,0.0,-299220.0,0.0,0.0,3255.0,27779.0,12.0,342.0,10.0,4756.0,18978.0,19640.0,0.0,2436.0,6924.0,98074.0,44848.0,1004383.0,0.0,0.0,145.0,52365.0,199.0,0.0,55853.0,1129.0,28512.0,-446.0,22666.0,18452.0,1184.0,0.0,238305.0,8.0,-16.19,6360.0,0.0,272640.0,53422.0,0.0,2.0,2.0,-9005.0,0.0,11220.0,3476.0,0.0,11306.0,0.0,0.0,0.0,43844.0,48930.0,0.0,56428.0,216636.0,0.0,8795.0,123896.0,7398.0,-1.6600000000000001,2444.0,672.0,492.0,492.0,71.78999999999999,18.490000000000002,8032.0,23804.0,0.0,0.0,237.0,135.0,64983.0,25533.0,21716.0,14396.0,-28162.0,2056.0,8000.0,0.0,0.0,1184692.0,3253.0,20947.0,8.0,0.0,4.0,87290.0,9108.0,3468.0,11468.0,510257.0,39960.0,39959.0,39960.0,667861.0,0.0,-0.89,14.1,524867.0,7231.0,0.01,0.0,89974.0,2529495.0,184330.0,3920208.0,0.0,9.0,666133.0,0.0,0.0,0.0,-42.86,1690.0,85266.0,-15300.0,36264.0,24589.0,114250.0,228500.0,200001.0,1637475.0,730.0,5092.0,2112.0,19.0,576247.0,402945.0,6176.0,0.0,2202719.0,-7.76,2.0,5046.0,39846.0,198160.0,22545.0,132117.0,50932.0,11200.0,700.0,0.0,624564.0,0.0,-15.3,86744.02,10198.0,2265.0,4.2299999999999995,101.31,132301.0,100000.0,1816.0,5708.0,-1313850.0,0.0,112292.0,32131.0,70565.0,68381.0,68381.0,11.0,249.16,654.0,0.0,0.0,3.0,7.0,36425.0,103631.0,0.0,37148.0,0.0,107238.0,170837.0,162340.0,65.0,46326.0,4209891.0,5515525.0,11468.0,2441707.0,6672953.0,705863.0,6312439.0,5450140.0,72633.0,30694.0,43199.0,20988.0,160513.0,231342.0,116450.0,221222.0,319327.0,92165.0,19923.0,100001.0,4314151.0,6672953.0,7916088.0,2465948.0,1437059.0,87290.0,0.0,113226.0,1437059.0,1349769.0,-1243135.0,2210430.0,1460692.0,1552857.0,2619469.0,72413.0,402021.0,200001.0,624564.0,91269.0,667861.0,2262515.0,71284.0,105096.0,17588.0,140450.0,605857.0,557507.0,657508.0,605857.0,1294657.0,667861.0,0.0,-221906.0,-5272.0,0.0,6.0,4244.0,60.0,0.0,6755.0,26.0,1.0,0.0,84.0,11.0,-0.49,0.41,9.59,23.98,103.0,0.0,200002.0,1578915.0,904616.0,0.0,636089.0,0.0,0.0,-30232.0,0.0,0.0,0.3,1208658.0,189147.0,0.0,0.0,56.0,11738.0,114.0,9460.0,-4.08,86708.0,43354.0,22177.0,19306.0,71.0
2024-09-01,40.0,20.0,-0.53,-1.6300000000000001,-3.16,5.58,-2.44,-3272.0,67283.0,1710771.0,103910.0,591691.0,14395.0,390831.0,32758.0,7903.0,40024.0,11056.0,43003.0,176218.0,733.0,24710.0,-147.16000000000003,4.0,4.0,859027.0,0.0,106.03,7.0,36478.0,0.0,57.17,26086.0,1.52,1.06,-31.39,6301.13,0.13,111.02,100.0,0.0,-410062.0,0.0,0.0,2269.0,29883.0,12.0,342.0,10.0,556.0,18978.0,64722.0,0.0,6172.0,20768.0,113224.0,72060.0,901154.0,0.0,0.0,145.0,46252.0,174.0,0.0,-3380.0,-43806.0,22554.0,-1802.0,5760.0,13326.0,2496.0,0.0,110145.0,20.0,-6.59,9250.0,0.0,272640.0,53422.0,0.0,2.0,2.0,-9005.0,0.0,19557.0,6712.0,0.0,22373.0,0.0,0.0,0.0,69418.0,51234.0,92.0,56428.0,216636.0,0.0,8795.0,86391.0,6462.0,1.37,6988.0,640.0,430.0,430.0,104.12000000000002,-9.28,8028.0,0.0,0.0,0.0,214.0,135.0,61003.0,34051.0,21716.0,14396.0,-28162.0,1536.0,8000.0,0.0,0.0,-875612.0,3253.0,20947.0,8.0,0.0,3.0,45476.0,25988.0,20910.0,28910.0,239643.0,5310.0,5317.0,5310.0,425857.0,0.0,0.62,3.1999999999999993,-83426.0,-3272.0,0.0,0.0,67877.0,3190023.0,242342.0,4263143.0,0.0,10.0,657800.0,0.0,0.0,0.0,50.09,1982.0,85266.0,-15300.0,107160.0,12218.0,141500.0,283000.0,200000.0,1637225.0,383.0,18180.0,1168.0,27.0,373080.0,570270.0,5018.0,0.0,1726512.0,-26.43,2.0,4215.0,46766.0,192359.0,22545.0,131849.0,60100.0,21146.0,700.0,200.0,650900.0,0.0,-5.93,-63597.99,6370.0,3308.0,-3.67,1.1399999999999997,104443.0,108000.0,4418.0,1502.0,-1313850.0,5363.0,141778.0,64728.0,158626.0,53932.0,53932.0,13.0,-218.2,71.38,0.0,0.0,3.0,7.0,43093.0,105931.0,0.0,48829.0,0.0,96124.0,168769.0,162340.0,53.0,35201.0,4714610.0,5608807.0,28910.0,2352303.0,6746284.0,491792.0,6385771.0,5526744.0,92420.0,42577.0,63490.0,30869.0,160513.0,238620.0,150843.0,320081.0,313863.0,121171.0,23383.0,73185.0,4817220.0,6746284.0,7984109.0,2457365.0,1203390.0,45476.0,0.0,104006.0,1203390.0,1157914.0,-1237825.0,2113736.0,1238103.0,1359274.0,3257900.0,115251.0,463537.0,200000.0,650900.0,115735.0,425859.0,2161390.0,92287.0,87700.0,18092.0,123253.0,680990.0,681224.0,754409.0,680990.0,1161769.0,425857.0,14344.0,-221326.0,4764.0,0.0,6.0,1400.0,58.0,0.0,9419.0,26.0,1.0,0.0,800.0,13.0,-0.57,0.65,3.7200000000000006,9.31,75.0,0.0,146370.0,1481795.0,741764.0,0.0,704040.0,0.0,0.0,-23050.0,0.0,0.0,0.26,381579.0,64653.0,0.0,0.0,42.0,9343.0,114.0,20800.0,4.35,89428.0,44716.0,32773.0,26049.0,60.0
2024-10-01,44.0,22.0,-1.27,0.49,16.61,-12.86,-3.73,-18827.0,78403.0,831746.0,126631.0,1272729.0,9514.0,368611.0,31348.0,7903.0,40024.0,5534.0,98904.0,207691.0,717.0,11062.0,-119.66,4.0,4.0,840200.0,0.0,111.64999999999999,-12.0,36478.0,0.0,8.93,26086.0,-1.24,-0.86,32.95,21230.38,0.2,269.81,80.0,0.0,-280520.0,0.0,0.0,11737.0,35954.0,12.0,342.0,10.0,7390.0,18978.0,46920.0,0.0,5522.0,13844.0,121196.0,55354.0,488963.0,0.0,0.0,145.0,69701.0,265.0,0.0,-14396.0,-25252.0,40036.0,-18164.0,51014.0,10432.0,658.0,0.0,122543.0,17.0,14.25,7638.0,0.0,272640.0,53422.0,0.0,2.0,2.0,-9005.0,0.0,5598.0,5102.0,0.0,27576.0,0.0,0.0,0.0,16616.0,42574.0,0.0,56428.0,216636.0,0.0,8795.0,124619.0,7852.0,-0.37,-1096.0,704.0,567.0,567.0,277.48,11.86,8096.0,25810.0,0.0,0.0,257.0,135.0,71324.0,30659.0,21716.0,14396.0,-28162.0,1798.0,8000.0,0.0,0.0,737393.0,3253.0,20947.0,8.0,0.0,2.0,50412.0,20224.0,24418.0,32418.0,120389.0,12606.0,12594.0,12606.0,286446.0,0.0,-0.23,1.7800000000000002,-144399.0,-18827.0,0.01,0.0,40791.0,2968558.0,197488.0,3627897.0,0.0,11.0,649466.0,0.0,12651.0,0.0,-32.01,866.0,85266.0,-15300.0,77912.0,12758.0,120350.0,240700.0,199999.0,1614125.0,758.0,14498.0,4352.0,25.0,137405.0,536744.0,3048.0,0.0,1780839.0,22.11,2.0,7074.0,47402.0,219860.0,22545.0,132924.0,44549.0,12036.0,700.0,0.0,670487.0,0.0,14.83,26782.010000000002,12166.0,2092.0,0.72,74.34,73380.0,104000.0,9686.0,6863.0,-1313850.0,5363.0,135034.0,41861.0,119485.0,96414.0,96414.0,19.0,206.11,-177.68,0.0,0.0,3.0,7.0,46512.0,110233.0,0.0,56489.0,0.0,120460.0,173954.0,162340.0,45.0,35530.0,4588931.0,5084701.0,32418.0,2018942.0,6203246.0,209143.0,5842734.0,5002534.0,89822.0,53491.0,67647.0,42278.0,160513.0,264169.0,124460.0,281020.0,339560.0,98744.0,23701.0,96655.0,4676659.0,6203246.0,7428465.0,2425931.0,920461.0,50412.0,0.0,130683.0,920461.0,870049.0,-1225219.0,1754818.0,979167.0,1077911.0,3009349.0,109183.0,489125.0,199999.0,670487.0,117048.0,286445.0,1826583.0,93267.0,85433.0,23667.0,147570.0,581119.0,580207.0,676862.0,581119.0,1244450.0,286446.0,14348.0,-222185.0,-15942.0,0.0,6.0,2040.0,77.0,0.0,18236.0,26.0,1.0,0.0,0.0,19.0,0.14,-0.19,4.76,11.9,80.0,0.0,193310.0,1485618.0,780586.0,0.0,602499.0,0.0,0.0,-21380.0,0.0,0.0,0.66,24870.0,128455.0,0.0,0.0,45.0,9381.0,114.0,14168.0,-1.99,91414.0,45706.0,19567.0,20093.0,55.0
2024-11-01,48.0,21.0,-2.22,0.42,34.13,-32.510000000000005,-1.6300000000000001,-30036.0,82475.0,1815302.0,121084.0,653386.0,16561.0,856382.0,24425.0,7903.0,40024.0,13734.0,65528.0,241562.0,892.0,12438.0,153.79000000000002,4.0,4.0,810164.0,37305.0,166.87,1.0,36478.0,0.0,32.589999999999996,26086.0,13.059999999999999,9.0,17.490000000000002,34508.42,0.14,438.21,100.0,0.0,-395109.0,0.0,1736.0,4068.0,56262.0,12.0,342.0,10.0,854.0,18978.0,74742.0,0.0,9936.0,20772.0,144152.0,79338.0,559330.0,0.0,0.0,145.0,110142.0,403.0,0.0,30448.0,-13490.0,22136.0,-17008.0,44848.0,13286.0,3234.0,0.0,305365.0,10.0,14.62,10094.0,0.0,324762.0,53422.0,0.0,2.0,2.0,-9005.0,0.0,1728.0,1972.0,0.0,6832.0,0.0,0.0,0.0,56552.0,43580.0,34.0,56428.0,216636.0,0.0,8795.0,10300.0,6330.0,0.66,1828.0,672.0,594.0,627.0,244.84,5.54,8096.0,41353.0,0.0,0.0,174.0,135.0,73217.0,27439.0,21716.0,14396.0,-28162.0,2184.0,8000.0,0.0,0.0,-1389801.0,3253.0,20947.0,8.0,0.0,5.0,64086.0,12272.0,4930.0,12930.0,230668.0,21408.0,21409.0,21408.0,396819.0,21463.0,0.28,16.14,-12499.0,-30036.0,-0.03,0.0,88087.0,3277645.0,278636.0,4205018.0,0.0,12.0,641133.0,0.0,12651.0,0.0,-5.9,2066.0,85266.0,-15300.0,111699.0,14423.0,119500.0,239000.0,199999.0,1597075.0,1575.0,16196.0,4400.0,35.0,183678.0,618155.0,3042.0,0.0,1657551.0,11.44,2.0,12205.0,64174.0,218439.0,22545.0,136606.0,89877.0,21410.0,700.0,218.0,712262.0,0.0,9.709999999999999,37871.46,14844.0,4155.0,-1.36,45.980000000000004,156246.0,104000.0,2276.0,4225.0,-1313850.0,5363.0,116200.0,67625.0,178597.0,88549.0,88549.0,15.0,52.25,-226.22,0.0,0.0,3.0,7.0,24707.0,83930.0,9520.0,14402.0,0.0,145468.0,143153.0,162340.0,55.0,35361.0,5337739.0,6010184.0,12930.0,2301006.0,7078103.0,164921.0,6691530.0,5881366.0,131082.0,20700.0,94551.0,15844.0,186574.0,317276.0,133512.0,311402.0,392219.0,139318.0,32087.0,75346.0,5417528.0,7078103.0,8281914.0,2400548.0,1327505.0,64086.0,0.0,157342.0,1327505.0,1263419.0,-1203811.0,1983785.0,1413791.0,1553109.0,3365732.0,118311.0,503701.0,199999.0,712262.0,144288.0,396819.0,2081858.0,112118.0,64999.0,17493.0,173539.0,394103.0,355275.0,430621.0,394103.0,1616749.0,396819.0,0.0,-221178.0,3328.0,0.0,6.0,3140.0,61.0,0.0,28893.0,26.0,1.0,92.0,0.0,15.0,1.06,-0.97,5.17,12.92,83.0,0.0,150692.0,2107932.0,870410.0,53275.0,359134.0,0.0,-4382.0,-13924.0,0.0,0.0,-0.95,438486.0,136483.0,0.0,0.0,50.0,10199.0,114.0,19225.0,0.67,93302.0,46651.0,14510.0,29498.0,61.0
2024-12-01,52.0,20.0,-1.18,-0.04000000000000001,-42.53,37.56,4.97,-83533.0,77083.0,1295242.0,124894.0,1634130.0,16713.0,523568.0,24598.0,7903.0,40024.0,14260.0,62701.0,158256.0,898.0,108598.0,-336.21000000000004,4.0,4.0,726631.0,5890.0,195.78,5.0,0.0,0.0,2.1700000000000017,0.0,-16.62,-11.46,-38.5,-10538.2,0.39,-102.58,76.0,0.0,-469198.0,0.0,1036.0,2690.0,24670.0,12.0,20783.0,10.0,-48344.0,46877.0,11822.0,0.0,6196.0,13848.0,127186.0,61856.0,271160.0,0.0,0.0,145.0,54028.0,210.0,-1165.0,-103148.0,189166.0,-118946.0,-18460.0,38006.0,11998.0,2730.0,131146.0,72640.0,12.0,-26.88,8988.0,7188.0,324762.0,53422.0,0.0,2.0,2.0,-9005.0,0.0,-3060.0,2001.0,0.0,9557.0,0.0,0.0,0.0,62492.0,46888.0,92.0,45445.0,227619.0,0.0,8795.0,-61631.0,5914.0,-3.58,1640.0,640.0,470.0,429.0,13.030000000000001,-12.56,8096.0,12994.0,0.0,0.0,215.0,135.0,64101.0,37574.0,21716.0,14396.0,-28162.0,1524.0,8000.0,128000.0,58196.0,-1372278.0,3253.0,33101.0,8.0,0.0,5.0,20331.0,17876.0,-40044.0,-32044.0,88534.0,10960.0,10965.0,10960.0,206738.0,21463.0,0.9,-7.03,-200465.0,-83533.0,-0.02,0.0,97291.0,3976833.0,111782.0,4674565.0,0.0,11.0,625000.0,0.0,12651.0,0.0,6.44,522.0,85266.0,78873.0,30117.0,7412.0,74500.0,149000.0,200003.0,1580394.0,786.0,57370.0,4690.0,42.0,87710.0,352194.0,7120.0,0.0,2428540.0,-22.619999999999997,2.0,5267.0,126586.0,216800.0,22545.0,140134.0,41006.0,16456.0,700.0,0.0,631265.0,0.0,-14.66,-10015.78,13996.0,5093.0,18.55,44.78,40739.0,100004.0,-28062.0,2245.0,-1313850.0,5363.0,254594.0,76771.0,114025.0,73927.0,73927.0,22.0,-253.26,-11.05,0.0,0.0,3.0,7.0,30397.0,94533.0,9199.0,10408.0,0.0,98130.0,158668.0,162340.0,29.0,29229.0,6246330.0,6337766.0,-32044.0,1511965.0,7406641.0,-197338.0,6958389.0,6231758.0,44694.0,20188.0,32464.0,12688.0,248249.0,272815.0,369588.0,257894.0,479742.0,55891.0,63293.0,262428.0,6317723.0,7406641.0,8599492.0,2367734.0,573584.0,20331.0,0.0,110683.0,573584.0,553253.0,-1192851.0,1239179.0,594839.0,650730.0,4074124.0,-76808.0,852144.0,200003.0,631265.0,153801.0,206739.0,1151323.0,90422.0,43439.0,7507.0,119454.0,555561.0,325992.0,588420.0,555561.0,1807207.0,206738.0,172916.0,-181226.0,4689.0,0.0,6.0,60.0,41.0,0.0,22216.0,26.0,0.0,0.0,1646.0,22.0,0.85,-0.48,-0.08000000000000007,-0.1999999999999993,48.0,0.0,524856.0,2392928.0,803112.0,63498.0,511328.0,0.0,-2695.0,-16570.0,0.0,0.0,1.05,-14936.0,53411.0,0.0,0.0,4.0,9634.0,114.0,47988.0,-2.99,87408.0,43705.0,20645.0,27660.0,23.0
